OBJECTID,LUID,Subbasin
19186,26,115
19187,27,216
19188,27,14
19189,27,14
19190,27,14
19191,27,124
19192,27,124
19193,27,115
19194,62,216
19195,62,216
19196,62,115
19197,62,124
19198,84,216
19199,84,115
19200,84,115
19201,84,115
19202,37,115
19203,5,115
19204,5,115
19205,5,115
19206,5,115
19207,5,115
19208,5,115
19209,5,124
19210,5,115
19211,17,196
19212,17,124
19213,5,14
19214,5,115
19215,5,115
19216,5,115
19217,5,124
19218,5,115
19219,5,115
19220,5,115
19221,5,124
19222,5,115
19223,5,136
19224,5,136
19225,5,115
19226,5,124
19227,5,124
19228,5,115
19229,5,115
19230,5,115
19231,5,115
19232,5,115
19233,5,115
19234,5,124
19235,5,115
19236,5,115
19237,7,136
19238,7,136
19239,7,136
19240,7,136
19241,7,14
19242,7,115
19243,7,115
19244,7,115
19245,7,115
19246,7,124
19247,7,115
19248,7,115
19249,7,115
19250,7,221
19251,7,115
19252,7,115
19253,28,216
19254,7,124
19255,7,124
19256,7,124
19257,7,115
19258,7,115
19259,8,136
19260,8,136
19261,8,136
19262,9,216
19263,9,115
19264,9,115
19265,9,124
19266,9,124
19267,9,124
19268,9,124
19269,9,115
19270,28,136
19271,12,14
19272,12,115
19273,12,115
19274,12,124
19275,12,216
19276,12,136
19277,12,136
19278,12,110
19279,12,115
19280,12,115
19281,12,115
19282,12,115
19283,12,124
19284,12,115
19285,12,124
19286,12,115
19287,12,124
19288,12,124
19289,12,124
19290,12,124
19291,12,124
19292,12,124
19293,12,124
19294,12,124
19295,12,124
19296,12,124
19297,12,221
19298,12,221
19299,15,124
19300,15,124
19301,15,124
19302,16,14
19303,16,124
19304,16,124
19305,15,14
19306,15,115
19307,16,221
19308,16,221
19309,16,221
19310,16,225
19311,16,216
19312,16,216
19313,16,216
19314,16,216
19315,16,216
19316,16,216
19317,16,216
19318,16,216
19319,16,216
19320,16,217
19321,16,136
19322,16,136
19323,16,136
19324,16,136
19325,16,136
19326,16,136
19327,16,136
19328,16,136
19329,16,0
19330,16,136
19331,16,13
19332,16,136
19333,16,136
19334,16,14
19335,16,14
19336,16,136
19337,16,136
19338,16,110
19339,16,136
19340,16,136
19341,16,136
19342,16,110
19343,16,136
19344,16,136
19345,16,115
19346,16,115
19347,16,115
19348,16,115
19349,16,115
19350,16,115
19351,16,115
19352,16,115
19353,16,115
19354,16,115
19355,16,115
19356,16,115
19357,16,124
19358,16,124
19359,16,124
19360,16,124
19361,16,124
19362,16,124
19363,16,124
19364,16,124
19365,16,124
19366,16,124
19367,16,124
19368,16,124
19369,16,124
19370,16,124
19371,16,124
19372,16,124
19373,16,124
19374,16,124
19375,16,124
19376,16,124
19377,16,124
19378,16,124
19379,16,115
19380,16,221
19381,16,197
19382,16,136
19383,16,136
19384,16,136
19385,16,136
19386,16,136
19387,16,136
19388,16,136
19389,16,136
19390,16,136
19391,16,115
19392,16,115
19393,16,115
19394,16,115
19395,16,115
19396,16,124
19397,16,124
19398,16,124
19399,16,124
19400,16,124
19401,16,124
19402,16,124
19403,16,124
19404,16,124
19405,16,115
19406,16,124
19407,16,124
19408,16,124
19409,16,124
19410,16,124
19411,16,124
19412,2,156
19413,84,99
19414,84,156
19415,5,99
19416,5,156
19417,5,156
19418,5,156
19419,5,156
19420,5,156
19421,9,156
19422,16,156
19423,18,99
19424,16,106
19425,12,105
19426,16,22
19427,16,95
19428,16,104
19429,8,25
19430,12,107
19431,16,98
19432,26,106
19433,16,101
19434,16,25
19435,16,63
19436,16,66
19437,26,35
19438,16,51
19439,12,87
19440,8,66
19441,16,26
19442,16,106
19443,10,36
19444,28,37
19445,16,49
19446,16,106
19447,2,40
19448,5,40
19449,28,50
19450,16,84
19451,16,77
19452,5,85
19453,16,74
19454,26,91
19455,16,106
19456,16,58
19457,28,48
19458,16,59
19459,16,49
19460,9,40
19461,16,57
19462,28,45
19463,28,90
19464,16,63
19465,28,23
19466,16,103
19467,16,96
19468,16,96
19469,26,102
19470,28,26
19471,26,47
19472,16,49
19473,26,37
19474,5,37
19475,27,66
19476,37,37
19477,9,40
19478,16,68
19479,7,105
19480,28,89
19481,12,105
19482,12,105
19483,16,90
19484,28,21
19485,9,92
19486,26,88
19487,16,21
19488,16,25
19489,984,109
19490,16,104
19491,16,66
19492,16,102
19493,16,25
19494,16,107
19495,2,21
19496,16,98
19497,12,135
19498,26,106
19499,12,106
19500,26,20
19501,28,106
19502,16,128
19503,15,107
19504,9,107
19505,3,156
19506,84,106
19507,27,106
19508,12,93
19509,5,21
19510,16,99
19511,16,140
19512,12,146
19513,7,203
19514,12,130
19515,16,169
19516,16,118
19517,28,135
19518,70,12
19519,12,115
19520,5,187
19521,12,150
19522,16,209
19523,16,146
19524,15,159
19525,16,99
19526,30,107
19527,16,99
19528,16,159
19529,5,159
19530,2,156
19531,15,156
19532,16,159
19533,16,209
19534,16,190
19535,16,209
19536,12,190
19537,9,156
19538,5,156
19539,16,156
19540,10,152
19541,16,18
19542,16,135
19543,14,8
19544,16,212
19545,28,183
19546,16,183
19547,16,146
19548,7,147
19549,16,170
19550,16,147
20692,16,103
20693,16,66
20694,16,102
20695,16,25
20696,16,212
20697,16,146
20698,16,147
20699,7,147
20700,16,220
20701,16,139
20702,7,5
20703,16,16
20704,16,142
20705,16,187
20706,9,15
20707,16,183
20708,28,207
20777,27,216
20778,28,202
20779,16,147
20780,7,140
20781,5,187
20782,16,184
20783,16,99
20784,28,166
20785,10,155
20786,16,118
20787,16,18
20788,16,217
20789,16,131
20790,9,9
20791,16,146
20792,16,211
20793,5,146
20794,5,215
20828,16,186
20829,16,209
20830,7,147
20831,16,184
20832,16,184
20833,15,19
20834,16,20
20835,16,190
20836,12,55
20837,28,35
20838,16,51
20839,16,57
20840,27,37
20841,5,40
20842,27,209
20843,16,150
20844,16,204
21361,7,5
21362,16,16
21363,16,16
21364,16,160
21365,16,5
21366,16,7
21367,28,201
21368,16,224
21369,16,5
21370,9,15
21371,26,15
21372,28,174
21373,9,9
21374,16,110
21375,12,135
21376,27,13
21377,16,111
21710,16,77
21711,27,81
21712,16,50
21713,16,49
19894,2,21
19895,27,22
19896,16,23
19897,28,90
19898,28,96
19899,28,96
19900,12,86
19901,15,105
19902,16,147
19903,16,74
19904,28,98
19905,28,106
19906,16,109
19907,27,66
19908,16,23
19909,28,89
19910,16,183
19911,27,25
19912,16,164
19913,16,164
19914,16,50
20305,16,139
20306,16,170
20307,27,89
20308,16,107
20309,16,21
20310,16,96
20311,27,105
20312,16,74
20313,16,104
20314,16,104
20315,12,22
20316,16,185
20317,16,154
20318,16,164
20319,16,168
20320,2,88
20321,16,93
20322,16,93
20323,27,93
20324,28,24
20325,16,104
21137,7,21
21138,16,90
21139,16,106
21140,27,123
21141,15,98
21142,27,90
21143,26,88
21144,16,107
21145,12,105
21146,16,210
21147,7,146
21148,16,147
21149,16,190
21150,28,144
21151,16,106
21152,15,159
21153,16,147
21154,16,184
21155,16,140
21156,16,220
21195,16,63
21196,16,135
21197,16,217
21198,16,217
21199,15,115
21200,16,13
21201,16,110
21202,5,13
21203,16,114
21204,16,217
21205,16,217
21206,16,223
21207,16,223
21208,16,224
21209,12,135
21210,16,17
21211,16,135
21212,27,15
21213,28,23
21409,16,47
21410,5,36
21411,16,51
21412,16,49
21413,16,39
21414,5,48
21415,16,58
21416,8,51
21417,16,49
21418,16,54
21419,70,36
21420,7,10
21421,16,190
21422,16,190
21423,16,163
21424,16,149
21425,16,184
21426,7,16
21427,28,85
24249,16,135
24250,12,15
24251,26,169
24252,16,160
24253,28,116
24254,16,217
24255,16,217
24256,28,217
24257,16,5
24258,12,216
24259,16,224
24260,28,174
24261,16,111
24262,15,217
24263,12,201
24530,9,18
24531,15,169
24532,15,116
24533,16,217
23803,16,176
23804,16,134
23805,12,16
23806,16,111
23807,16,10
23808,16,175
23809,7,172
23810,12,135
23811,16,112
23812,16,171
23813,16,193
23814,26,110
23815,5,10
23816,28,137
23817,8,134
23818,27,113
23819,16,114
23820,16,11
23821,16,5
21714,5,54
21715,16,123
21716,16,49
21717,12,120
21718,16,121
21719,12,135
21720,8,119
21721,12,134
21722,28,217
21723,16,217
21724,16,5
21725,16,224
21726,28,17
22709,28,98
22710,28,106
22711,28,89
22712,16,96
22713,28,72
22714,16,88
22715,16,103
22716,27,74
22717,16,103
22718,28,105
22719,15,21
22720,16,88
22721,28,21
22722,16,84
22723,27,84
22724,8,72
22725,16,104
22882,16,25
22883,12,96
22884,8,25
22885,16,74
22886,8,63
22887,16,63
22888,16,74
22889,12,84
22890,6,146
22891,16,140
22892,15,142
22893,16,156
22894,27,156
22895,16,92
22896,15,105
22897,16,72
22898,16,89
19551,16,207
19552,12,212
19553,16,147
19554,16,8
19555,16,156
19556,16,145
19557,27,107
19558,9,107
19559,15,151
19560,10,167
19561,16,140
19562,16,15
19563,16,118
19564,16,188
19565,14,10
19566,12,211
19567,16,143
19568,16,183
19569,16,183
19570,16,211
19571,16,147
19572,16,146
19573,16,220
19574,16,203
19575,16,8
19576,16,147
19577,16,147
19578,5,146
19579,5,222
19580,16,138
19581,12,117
19582,16,141
19583,27,111
19584,16,134
19585,7,174
19586,27,175
19587,16,111
19588,16,217
19589,5,199
19590,26,26
19591,16,146
19592,16,51
19593,16,55
19594,16,51
19595,16,58
19596,7,221
19597,12,193
19598,16,217
19599,16,10
19600,15,116
19601,27,110
19602,15,106
19603,16,99
19604,5,156
19605,28,131
19606,12,20
19607,5,134
19608,16,107
19609,16,190
19610,16,106
19611,16,104
19612,16,103
19613,16,96
19614,16,21
19615,16,80
19616,16,74
19617,27,66
19618,16,102
19619,16,104
19620,30,108
19621,15,105
19622,10,107
19623,12,51
19624,27,59
19625,16,36
19626,27,59
19627,12,50
19628,5,20
19629,16,61
19630,16,97
19631,12,89
19632,27,104
19633,28,20
19634,16,66
19635,28,54
19636,16,50
19637,5,37
19638,27,37
19639,16,0
19640,16,44
19641,8,59
19642,16,47
19643,16,49
19644,28,35
19645,16,61
19646,12,51
19647,16,83
19648,28,49
19649,16,75
19650,41,94
19651,16,66
19652,16,47
19653,7,128
19654,12,107
19655,2,156
19656,2,156
19657,2,106
19658,2,106
19659,15,21
19660,12,22
19661,16,106
19662,5,128
19663,16,20
19664,16,73
19665,16,102
19666,16,164
19667,16,146
19668,12,21
19669,12,21
19670,16,91
19671,16,89
19672,12,128
19673,16,164
19674,16,168
19675,16,184
19676,28,105
19677,26,168
19678,16,152
19679,16,151
19680,28,154
19681,12,146
19682,26,165
19683,27,166
19684,16,24
19685,16,25
19686,14,21
19687,16,21
19688,16,85
19689,16,191
19690,16,210
19691,2,21
19692,15,20
19693,28,88
19694,16,106
19695,2,106
19696,16,147
19697,16,168
19698,16,164
19699,16,147
19700,16,147
19701,16,151
19702,16,165
19703,16,152
19704,16,183
19705,12,104
19706,16,24
19707,27,106
19708,26,88
19709,28,106
19710,12,89
19711,28,98
19712,10,98
19713,28,88
19714,12,106
19715,16,147
19716,12,152
19717,16,152
19718,16,164
19719,16,210
19720,27,25
19721,28,99
19722,16,63
19723,16,24
19724,16,23
19725,16,65
19726,16,164
19727,15,164
19728,16,164
19729,16,146
19730,16,103
19731,7,147
19732,16,168
19733,7,103
19734,16,95
19735,16,72
19736,8,25
19737,16,63
19738,28,96
19739,16,72
19740,27,65
19741,28,192
19742,15,98
19743,2,21
19744,16,74
19745,16,25
19746,16,72
19747,7,100
19748,27,73
19749,7,145
19750,9,19
19751,9,19
19752,16,19
19753,12,159
19754,28,28
19755,12,20
19756,12,77
19757,16,96
19758,28,49
19759,12,26
19760,16,35
19761,16,61
19762,16,85
19763,28,102
19764,35,108
19765,6,25
19766,16,165
19767,16,165
19768,16,165
19769,16,165
19770,26,165
19771,16,168
19772,16,152
19773,28,107
19774,28,191
19775,16,191
19776,16,191
19777,15,210
19778,9,93
19779,5,128
19780,28,105
19781,12,108
19782,39,108
19783,16,106
19784,16,123
19785,16,75
19786,16,26
19787,12,19
19788,16,59
19789,27,61
19790,16,59
19791,16,53
19792,16,46
19793,16,49
19794,16,46
19795,16,46
19796,15,88
19797,12,57
19798,16,67
19799,27,96
19800,12,25
19801,16,100
19802,16,96
19803,28,103
19804,9,88
19805,16,95
19806,16,21
19807,5,21
19808,10,104
19809,12,107
19810,16,85
19811,16,91
19812,984,88
19813,28,22
19814,3,20
19815,37,106
19816,16,106
19817,16,165
19818,16,72
19819,16,146
19820,26,165
19821,16,164
19822,16,184
19823,12,90
19824,16,147
19825,2,21
19826,12,19
19827,28,93
19828,16,183
19829,16,164
19830,16,164
19831,16,61
19832,16,93
19833,16,104
19834,27,109
19835,16,168
19836,15,164
19837,16,93
19838,16,96
19839,12,96
19840,28,96
19841,16,103
19842,26,96
19843,16,23
19844,16,103
19845,16,25
19846,16,96
19847,16,20
19848,26,165
19849,27,105
19850,16,74
19851,27,25
19852,28,96
19853,16,106
19854,16,21
19855,12,107
19856,28,105
19857,2,105
19858,16,152
19859,16,210
19860,16,121
19861,7,92
19862,15,106
19863,7,147
19864,16,192
19865,15,185
19866,16,205
19867,16,184
19868,15,164
19869,12,154
19870,16,147
19871,16,191
19872,5,143
19873,16,191
19874,27,210
19875,12,106
19876,28,21
19877,16,93
19878,16,152
19879,16,93
19880,16,102
19881,16,66
19882,16,74
19883,28,104
19884,16,152
19885,16,210
19886,16,147
19887,28,98
19888,15,89
19889,15,92
19890,16,104
19891,16,210
19892,16,103
19893,27,63
19915,16,51
19916,16,26
19917,28,26
19918,9,96
19919,16,63
19920,27,79
19921,16,102
19922,2,37
19923,5,52
19924,37,40
19925,9,40
19926,2,47
19927,16,107
19928,12,106
19929,12,20
19930,12,21
19931,12,105
19932,12,146
19933,7,164
19934,16,210
19935,16,210
19936,16,106
19937,16,191
19938,12,152
19939,8,63
19940,16,74
19941,16,146
19942,16,146
19943,27,84
19944,12,21
19945,16,184
19946,12,104
19947,16,96
19948,16,96
19949,16,104
19950,26,89
19951,16,63
19952,16,103
19953,12,104
19954,16,96
19955,15,106
19956,16,20
19957,16,152
19958,16,147
19959,16,25
19960,27,23
19961,16,74
19962,16,72
19963,16,88
19964,28,88
19965,16,25
19966,16,104
19967,16,104
19968,16,102
19969,16,102
19970,16,72
19971,16,72
19972,16,72
19973,26,88
19974,12,128
19975,27,21
19976,28,191
19977,16,147
19978,16,147
19979,16,147
19980,16,191
19981,16,210
19982,16,164
19983,12,152
19984,28,103
19985,16,88
19986,12,88
19987,16,96
19988,16,89
19989,16,159
19990,16,81
19991,16,123
19992,16,84
19993,16,105
19994,16,125
19995,28,113
19996,15,116
19997,16,135
19998,16,157
19999,16,186
20000,16,20
20001,12,135
20002,16,147
20003,14,211
20004,7,139
20005,16,170
20006,12,187
20007,16,15
20008,12,211
20009,28,141
20010,16,184
20011,12,183
20012,16,213
20013,16,207
20014,16,180
20015,7,146
20016,16,154
20017,16,165
20018,16,80
20019,16,23
20020,26,25
20021,12,89
20022,15,100
20023,16,185
20024,10,185
20025,16,154
20026,16,165
20027,2,93
20028,12,96
20029,15,89
20030,26,25
20031,16,102
20032,16,94
20033,16,94
20034,16,25
20035,28,24
20036,16,108
20037,16,98
20038,2,21
20039,25,88
20040,12,128
20041,16,164
20042,16,164
20043,16,146
20044,12,105
20045,5,20
20046,28,21
20047,27,99
20048,16,98
20049,28,94
20050,26,165
20051,15,152
20052,27,106
20053,16,72
20054,26,104
20055,16,72
20056,16,191
20057,16,152
20058,15,135
20059,16,102
20060,16,102
20061,16,25
20062,16,100
20063,16,93
20064,16,98
20065,16,73
20066,5,24
20067,28,23
20068,16,96
20069,12,25
20070,26,101
20071,16,102
20072,16,25
20073,16,25
20074,7,20
20075,16,21
20076,16,184
20077,16,164
20078,16,154
20079,16,150
20080,12,152
20081,26,164
20082,12,103
20083,26,26
20084,16,106
20085,15,164
20086,16,147
20087,16,191
20088,16,99
20089,15,152
20090,12,154
20091,16,15
20092,7,147
20093,16,5
20094,12,216
20095,16,211
20096,16,169
20097,7,135
20098,26,140
20099,16,111
20100,12,170
20101,16,115
20102,16,146
20103,16,211
20104,8,187
20105,16,170
20106,5,176
20107,16,186
20108,7,11
20109,16,158
20110,16,158
20111,16,135
20112,5,10
20113,16,200
20114,16,66
20115,16,26
20116,84,106
20117,5,156
20118,9,196
20119,5,218
20120,14,110
20121,5,158
20122,16,223
20123,16,8
20124,16,146
20125,16,146
20126,16,135
20127,16,117
20128,16,166
20129,16,222
20130,16,147
20131,12,146
20132,5,141
20133,5,141
20134,16,170
20135,16,167
20136,16,74
20137,16,146
20138,2,178
20139,5,146
20140,16,187
20141,16,217
20142,16,217
20143,16,183
20144,12,12
20145,12,10
20146,16,146
20147,16,146
20148,16,209
20265,16,183
20266,16,208
20267,16,140
20268,16,207
20269,16,183
20270,17,221
20271,17,196
20272,16,183
20273,7,212
20274,16,207
20275,5,5
20276,9,10
20277,16,211
20278,16,146
20279,12,205
20280,7,207
20281,27,94
20282,28,98
20283,27,93
20284,16,106
20285,28,109
21117,16,167
21118,16,99
21119,9,156
21120,16,107
21121,28,216
21122,5,117
21123,14,10
21124,5,99
21125,2,156
21126,16,167
21127,28,106
21128,27,106
21129,16,42
21130,7,34
21131,12,38
21132,16,56
21133,16,81
21134,16,66
21135,2,81
21136,16,70
23244,16,223
23245,3,10
23246,16,217
23247,16,217
23248,16,217
23249,68,203
23250,16,224
23251,28,5
23252,16,160
23253,12,135
23254,15,135
23255,12,88
23256,16,96
23257,16,80
23258,16,215
23259,16,118
23260,10,18
23261,15,135
23262,16,174
23366,16,98
23367,14,88
23368,27,109
23369,2,21
23370,12,21
23371,28,104
23372,12,74
23373,16,26
23374,16,102
23375,16,25
23376,16,25
23377,28,66
23378,16,103
23379,12,94
23380,12,128
23381,28,109
23382,28,98
23383,15,109
23384,15,88
23385,2,21
23386,16,98
23468,5,103
23469,28,105
23470,10,92
23471,14,20
23472,14,105
23473,16,104
23474,10,21
23475,12,21
23476,16,63
23477,16,25
23478,28,104
23479,16,135
23480,12,109
23481,16,216
23482,84,92
23483,16,102
23484,16,25
23485,16,25
23486,28,106
23487,16,93
24293,7,5
24294,16,197
24295,28,18
24296,12,118
24297,16,188
24298,16,135
24299,12,110
24300,16,60
24301,16,36
24302,16,224
24303,5,131
24304,10,117
24305,16,169
24306,8,17
24307,8,115
24308,8,115
24309,8,115
24310,12,57
24311,12,50
24312,10,53
25551,16,0
25552,16,0
25553,16,15
25554,16,110
25555,16,15
25556,16,44
25557,16,60
25558,16,74
25559,16,74
25560,16,74
25561,16,0
25562,16,72
25563,16,15
25564,16,15
25565,16,0
25566,17,60
25567,17,60
25568,17,223
25569,17,0
25570,17,124
25571,17,4
25572,84,99
25573,84,156
20149,12,190
20150,28,150
20151,16,190
20152,16,150
20153,16,190
20154,16,149
20155,12,121
20156,5,156
20157,16,156
20158,15,92
20159,5,156
20160,16,99
20161,5,99
20162,27,167
20163,16,106
20164,2,92
20165,2,99
20166,16,166
20167,12,156
20168,5,142
20169,16,203
20170,16,147
20171,5,139
20172,16,218
20173,16,211
20174,16,146
20175,28,207
20176,9,14
20177,27,183
20178,16,183
20179,16,211
20180,16,141
20181,16,183
20182,16,212
20183,14,140
20184,16,211
20185,16,147
20186,16,147
20187,26,216
20188,12,98
20189,2,106
20190,15,106
20191,16,156
20192,16,99
20193,28,156
20194,16,160
20195,16,146
20196,16,184
20197,12,117
20198,5,138
20199,16,170
20200,28,119
20201,16,135
20202,5,114
20203,28,144
20204,16,167
20205,27,106
20206,16,159
20207,16,223
20208,14,211
20209,28,10
20210,5,207
20211,16,99
20212,16,190
20213,16,209
20214,16,209
20215,27,121
20216,5,165
20217,16,166
20218,26,156
20219,16,146
20220,15,106
20221,16,135
20222,5,141
20223,12,211
20224,16,147
20225,16,147
20226,16,215
20227,16,140
20228,9,196
20229,12,186
20230,28,186
20231,16,170
20232,16,187
20233,16,183
20234,16,9
20235,16,146
20236,16,146
20237,16,211
20238,16,211
20239,12,193
20240,16,146
20241,16,183
20242,12,213
20243,16,146
20244,16,93
20245,9,93
20246,16,105
20247,28,21
20248,15,106
20249,27,65
20250,16,183
20251,16,183
20252,12,207
20253,16,147
20254,7,115
20255,16,147
20256,5,115
20257,16,216
20258,16,159
20259,15,159
20260,12,156
20261,16,99
20262,16,106
20263,12,183
20264,16,207
20286,2,109
20287,9,21
20288,28,99
20289,16,65
20290,26,106
20291,26,155
20292,16,154
20293,16,164
20294,16,24
20295,16,203
20296,16,146
20297,16,147
20298,16,147
20299,16,146
20300,16,207
20301,26,180
20302,16,183
20303,27,180
20304,5,196
20326,16,139
20327,16,146
20328,16,139
20329,5,211
20330,16,188
20331,16,202
20332,9,193
20333,12,86
20334,16,105
20335,12,159
20336,5,161
20337,2,107
20338,27,111
20339,12,124
20340,26,99
20341,16,159
20342,15,92
20343,27,156
20344,5,161
20345,5,99
20346,16,99
20347,16,205
20348,16,220
20349,16,146
20350,16,211
20351,28,18
20352,12,169
20353,16,117
20354,26,21
20355,16,21
20356,12,21
20357,28,96
20358,16,135
20359,16,140
20360,27,10
20361,16,102
20362,16,80
20363,8,25
20364,16,66
20365,15,153
20366,16,106
20367,26,159
20368,16,145
20369,5,156
20370,28,144
20371,16,183
20372,16,147
20373,16,205
20374,16,147
20375,16,140
20376,26,216
20377,12,214
20378,14,140
20379,26,13
20380,16,213
20381,16,156
20382,12,183
20383,16,183
20384,16,178
20385,27,104
20386,16,24
20387,16,147
20388,26,168
20389,16,151
20390,16,164
20391,16,147
20392,15,164
20393,16,102
20394,16,190
20395,16,140
20396,28,216
20397,5,10
20398,5,176
20399,16,135
20400,9,18
20401,16,118
20402,16,174
20403,16,10
20404,16,8
20405,16,183
20406,16,183
20407,16,213
20408,12,25
20409,16,72
20410,17,94
20411,16,96
20412,16,25
20413,12,191
20414,16,104
20415,14,20
20416,12,191
20417,16,147
20418,16,166
20419,15,191
20420,16,190
20421,16,150
20422,16,209
20423,12,209
20424,7,147
20425,12,90
20426,84,156
20427,7,146
20428,16,87
20429,7,187
20430,9,153
20431,16,152
20432,12,54
20433,7,207
20434,7,170
20435,12,139
20436,5,147
20437,16,147
20438,16,187
20439,16,170
20440,28,217
20441,16,183
20442,16,211
20443,16,207
20444,16,220
20445,16,210
20446,10,210
20447,15,107
20448,16,138
20449,16,180
20450,7,140
20451,16,183
20452,16,146
20453,16,213
20454,16,205
20455,16,202
20456,16,183
20457,17,217
20458,73,10
20459,12,99
20460,12,89
20461,12,167
20462,10,106
20463,16,200
20464,16,146
20465,7,146
20466,16,10
20467,16,170
20468,16,204
20469,16,207
20470,12,211
20471,16,142
20472,2,21
20473,27,21
20474,6,109
20475,26,98
20476,16,98
20477,26,93
20478,16,183
20479,12,118
20480,16,160
20481,16,10
20482,27,217
20483,28,113
20484,16,204
20485,16,183
20486,16,220
20487,16,146
20488,16,146
20489,14,139
20490,7,147
20491,14,154
20492,26,168
20493,16,164
20494,16,164
20495,16,151
20496,16,167
20497,2,21
20498,12,101
20499,16,21
20500,9,98
20501,28,121
20502,5,191
20503,2,156
20504,984,153
20505,984,49
20506,12,11
20507,28,217
20508,7,146
20509,16,184
20510,5,141
20511,16,211
20512,16,183
20513,16,211
20514,7,140
20515,28,200
20516,28,205
20517,16,207
20518,16,146
20519,2,106
20520,16,105
20521,27,107
20522,2,21
20523,30,156
20524,16,106
20525,26,154
20526,5,156
20527,16,109
20528,16,156
20529,16,103
20530,7,146
20531,16,146
20532,16,212
20533,12,207
20534,16,223
20535,16,146
20536,16,146
20537,16,147
20538,28,179
20539,7,146
20540,16,146
20541,16,170
20542,5,207
20543,7,224
20544,16,106
20545,5,99
20546,12,99
20547,5,18
20548,16,135
20549,8,0
20550,27,217
20551,12,207
20552,12,223
20553,10,142
20554,7,114
20555,16,183
20556,16,147
20557,16,140
20558,7,115
20559,8,176
20560,12,211
20561,16,197
20562,16,209
20563,16,146
20564,16,146
20565,16,146
20566,10,53
20567,16,147
20568,16,149
20569,16,189
20570,16,146
20571,7,146
20572,16,184
20573,2,40
20574,5,146
20575,7,147
20576,12,150
20577,15,153
20578,16,156
20579,16,156
20580,28,106
20581,28,107
20582,16,190
20583,16,184
20584,16,147
20585,16,146
20586,5,5
20587,7,147
20588,16,170
20589,7,47
20590,5,37
20591,28,51
20592,2,37
20593,5,99
20594,16,156
20595,7,13
20596,16,214
20597,16,222
20598,16,146
20599,7,147
20600,27,156
20601,5,156
20602,16,99
20603,16,148
20604,16,99
20605,16,209
20606,16,184
20607,16,190
20608,9,9
20609,14,10
20610,16,5
20611,27,199
20612,5,10
20613,7,135
20614,16,121
20615,16,94
20616,16,99
20617,12,98
20618,12,109
20619,28,102
20620,16,107
20621,16,88
20622,8,116
20623,16,187
20624,27,169
20625,12,207
20626,16,5
20627,16,212
20628,16,203
20629,16,10
20630,16,178
20631,16,146
20632,16,190
20633,16,152
20634,16,190
20635,27,25
20636,27,209
20637,16,220
20638,16,146
20639,16,117
20640,16,140
20641,16,147
20642,12,117
20643,14,18
20644,7,141
20645,16,137
20646,16,10
20647,5,113
20648,16,217
20649,8,130
20650,16,211
20651,12,148
20652,16,150
20653,16,210
20654,16,147
20655,16,184
20656,12,146
20657,16,146
20658,7,146
20659,28,209
20660,15,83
20661,16,77
20662,16,81
20663,15,84
20664,16,147
20665,16,209
20666,16,150
20667,16,18
20668,16,99
20669,16,54
20670,16,51
20671,16,69
20672,16,25
20673,16,52
20674,16,83
20675,28,88
20676,16,106
20677,27,156
20678,16,99
20679,16,106
20680,16,146
20681,27,150
20682,28,209
20683,28,146
20684,27,74
20685,28,78
20686,28,146
20687,16,147
20688,7,146
20689,16,148
20690,12,190
20691,8,72
20709,16,104
20710,9,94
20711,16,92
20712,26,105
20713,16,209
20714,16,190
20715,16,99
20716,27,155
20717,16,209
20718,7,146
20719,12,153
20720,12,99
20721,16,159
20722,16,184
20723,16,146
20724,16,146
20725,16,146
20726,16,184
20727,16,150
20728,16,209
20729,12,209
20730,16,209
20731,16,209
20732,5,40
20733,9,35
20734,12,51
20735,16,33
20736,16,184
20737,12,146
20738,16,147
20739,16,209
20740,16,209
20741,16,190
20742,12,149
20743,16,209
20744,16,190
20745,16,209
20746,7,146
20747,28,190
20748,16,190
20749,12,209
20750,16,149
20751,16,99
20752,5,167
20753,16,99
20754,16,99
20755,26,153
20756,12,146
20757,16,148
20758,16,37
20759,16,156
20760,16,99
20761,12,152
20762,5,156
20763,28,210
20764,12,156
20765,16,99
20766,9,156
20767,16,138
20768,9,176
20769,16,135
20770,28,137
20771,7,146
20772,16,184
20773,8,158
20774,16,115
20775,16,207
20776,16,217
20795,12,3
20796,12,111
20797,27,136
20798,16,135
20799,70,12
20800,12,173
20801,16,187
20802,5,146
20803,16,146
20804,7,146
20805,16,175
20806,16,190
20807,16,190
20808,16,209
20809,16,146
20810,16,121
20811,16,125
20812,16,55
20813,12,61
20814,12,148
20815,26,151
20816,16,190
20817,16,190
20818,16,190
20819,26,55
20820,16,121
20821,28,27
20822,16,95
20823,16,83
20824,16,147
20825,28,184
20826,15,135
20827,27,188
20845,16,140
20846,16,203
20847,16,183
20848,16,170
20849,16,146
20850,16,147
20851,16,146
20852,16,205
20853,16,205
20854,16,147
20855,16,184
20856,16,209
20857,16,149
20858,16,35
20859,16,52
20860,28,37
20861,27,41
20862,28,166
20863,16,99
20864,16,106
20865,16,47
20866,16,210
20867,16,146
20868,16,146
20869,16,54
20870,12,55
20871,16,156
20872,16,163
20873,16,150
20874,16,190
20875,16,147
20876,16,146
20877,16,61
20878,28,40
20879,15,71
20880,16,80
20881,28,49
20882,26,52
20883,30,85
20884,16,99
20885,16,26
20886,16,77
20887,16,77
20888,28,80
20889,16,71
20890,12,20
20891,16,99
20892,5,156
20893,5,203
20894,73,217
20895,16,213
20896,16,183
20897,16,146
20898,6,199
20899,16,140
20900,27,159
20901,8,187
20902,16,184
20903,16,184
20904,12,209
20905,16,190
20906,16,26
20907,16,78
20908,16,146
20909,5,141
20910,16,135
20911,10,18
20912,16,14
20913,7,158
20914,16,211
20915,28,20
20916,5,99
20917,16,156
20918,16,223
20919,5,99
20920,16,217
20921,16,115
20922,16,8
20923,73,217
20924,16,211
20925,16,146
20926,7,140
20927,12,18
20928,12,217
20929,16,42
20930,5,40
20931,12,211
20932,26,116
20933,16,217
20934,16,217
20935,16,183
20936,16,217
20937,16,220
20938,26,160
20939,16,147
20940,16,147
20941,7,5
20942,6,15
20943,27,135
20944,16,170
20945,16,110
20946,16,188
20947,15,116
20948,12,116
20949,16,216
20950,15,116
20951,16,8
20952,16,147
20953,16,146
20954,16,146
20955,16,190
20956,16,149
20957,16,190
20958,16,209
20959,16,190
20960,16,209
20961,27,54
20962,16,50
20963,16,41
20964,16,156
20965,7,140
20966,12,147
20967,16,147
20968,12,4
20969,5,124
20970,27,112
20971,7,112
20972,16,217
20973,16,217
20974,7,146
20975,16,146
20976,6,116
20977,16,141
20978,5,207
20979,27,67
20980,84,85
20981,16,61
20982,16,77
20983,16,146
20984,16,200
20985,5,176
20986,27,111
20987,5,157
20988,16,25
20989,16,69
20990,12,37
20991,16,58
20992,16,45
20993,16,43
20994,12,37
20995,7,53
20996,28,48
20997,12,87
20998,16,92
20999,16,209
21000,12,209
21001,16,0
21002,16,34
21003,7,50
21004,16,190
21005,16,51
21006,16,163
21007,16,184
21008,16,167
21009,16,190
21010,16,156
21011,16,184
21012,16,149
21013,16,209
21014,16,148
21015,7,146
21016,16,146
21017,16,152
21018,2,156
21019,27,193
21020,16,216
21021,16,147
21022,16,147
21023,12,139
21024,16,209
21025,16,39
21026,16,40
21027,9,40
21028,16,61
21029,17,60
21030,16,46
21031,16,66
21032,16,26
21033,16,67
21034,16,123
21035,16,99
21036,16,99
21037,27,106
21038,16,107
21039,12,209
21040,16,209
21041,16,209
21042,16,209
21043,16,148
21044,7,146
21045,16,209
21046,16,150
21047,16,146
21048,27,190
21049,16,209
21050,16,164
21051,16,190
21052,16,40
21053,12,7
21054,16,137
21055,16,121
21056,16,121
21057,16,105
21058,16,184
21059,16,209
21060,16,57
21061,16,46
21062,27,92
21063,5,99
21064,5,99
21065,15,99
21066,16,184
21067,16,184
21068,28,150
21069,16,146
21070,16,190
21071,16,184
21072,12,146
21073,16,184
21074,16,209
21075,16,190
21076,16,190
21077,16,184
21078,26,156
21079,10,166
21080,15,92
21081,16,209
21082,12,184
21083,35,37
21084,16,34
21085,27,41
21086,16,45
21087,12,99
21088,16,92
21089,8,113
21090,16,217
21091,16,217
21092,27,217
21093,14,214
21094,16,225
21095,16,10
21096,16,220
21097,16,196
21098,16,147
21099,15,36
21100,16,135
21101,16,92
21102,16,170
21103,7,111
21104,15,141
21105,12,172
21106,19,157
21107,12,174
21108,16,187
21109,15,116
21110,16,8
21111,16,217
21112,16,214
21113,16,209
21114,16,59
21115,16,166
21116,16,209
21157,16,117
21158,16,16
21159,8,134
21160,5,140
21161,7,141
21162,16,193
21163,5,111
21164,16,118
21165,27,116
21166,16,143
21167,28,190
21168,16,209
21169,16,44
21170,16,47
21171,16,66
21172,28,164
21173,26,167
21174,15,154
21175,27,156
21176,28,166
21177,16,190
21178,16,209
21179,28,209
21180,28,190
21181,16,209
21182,16,209
21183,16,209
21184,16,184
21185,16,209
21186,16,146
21187,28,209
21188,2,99
21189,9,156
21190,16,92
21191,15,153
21192,16,25
21193,16,96
21194,16,94
21214,16,103
21215,12,21
21216,16,104
21217,28,98
21218,16,94
21219,27,169
21220,12,176
21221,27,174
21222,16,63
21223,16,103
21224,16,96
21225,28,73
21226,16,102
21227,16,25
21228,16,102
21229,12,209
21230,16,146
21231,16,148
21232,16,184
21233,16,190
21234,12,190
21235,16,151
21236,16,150
21237,16,152
21238,16,49
21239,15,48
21240,16,57
21241,16,77
21242,16,121
21243,16,46
21244,35,37
21245,16,55
21246,16,24
21247,16,63
21248,16,66
21249,16,209
21250,14,19
21251,41,121
21252,16,114
21253,14,10
21254,16,217
21255,16,217
21256,5,114
21257,12,118
21258,6,116
21259,16,118
21260,16,146
21261,7,147
21262,26,37
21263,16,87
21264,16,67
21265,16,26
21266,16,55
21267,16,96
21268,16,8
21269,28,160
21270,12,10
21271,16,217
21272,16,216
21273,16,41
21274,16,77
21275,16,19
21276,28,37
21277,16,37
21278,16,48
21279,16,85
21280,28,66
21281,16,95
21282,16,80
21283,37,40
21284,16,81
21285,12,150
21286,16,81
21287,28,83
21288,28,86
21289,16,184
21290,12,113
21291,7,5
21292,16,197
21293,16,200
21294,16,224
21295,16,115
21296,2,12
21297,16,121
21298,28,101
21299,15,105
21300,16,57
21301,27,83
21302,16,146
21303,16,211
21304,16,146
21305,16,197
21306,16,222
21307,12,146
21308,28,216
21309,16,156
21310,28,156
21311,2,185
21312,16,171
21313,16,134
21314,10,18
21315,7,17
21316,16,50
21317,5,37
21318,28,41
21319,16,37
21320,5,54
21321,7,36
21322,12,21
21323,16,59
21324,16,106
21325,16,106
21326,16,99
21327,16,99
21328,12,156
21329,16,56
21330,30,92
21331,16,70
21332,28,28
21333,16,70
21334,16,54
21335,28,50
21336,16,68
21337,5,37
21338,16,39
21339,16,21
21340,26,21
21341,15,106
21342,12,96
21343,27,84
21344,16,63
21345,26,20
21346,27,77
21347,7,37
21348,16,41
21349,15,151
21350,16,92
21351,12,146
21352,16,146
21353,16,86
21354,16,149
21355,16,146
21356,5,124
21357,12,87
21358,16,80
21359,12,11
21360,12,7
21378,16,116
21379,16,37
21380,15,48
21381,12,61
21382,16,61
21383,16,48
21384,16,37
21385,15,103
21386,12,96
21387,16,80
21388,16,94
21389,27,24
21390,27,96
21391,12,21
21392,16,25
21393,15,148
21394,16,209
21395,28,18
21396,28,217
21397,27,29
21398,16,78
21399,16,96
21400,16,26
21401,16,102
21402,16,103
21403,28,63
21404,27,26
21405,16,80
21406,16,51
21407,12,51
21408,16,60
21428,16,109
21429,28,89
21430,5,13
21431,12,11
21432,16,223
21433,16,216
21434,15,169
21435,16,169
21436,12,193
21437,12,193
21438,16,201
21439,16,217
21440,16,217
21441,16,217
21442,16,118
21443,12,13
21444,16,77
21445,16,67
21446,16,41
21447,16,35
21448,15,135
21449,16,217
21450,16,216
21451,16,217
21452,16,110
21453,28,141
21454,14,172
21455,27,217
21456,12,115
21457,16,217
21458,16,135
21459,27,112
21460,12,116
21461,5,40
21462,16,58
21463,16,49
21464,16,43
21465,16,77
21466,16,54
21467,16,209
21468,16,164
21469,16,190
21470,16,190
21471,16,190
21472,15,40
21473,16,40
21474,16,40
21475,28,34
21476,16,82
21477,16,37
21478,12,52
21479,16,46
21480,2,37
21481,27,48
21482,16,47
21483,12,190
21484,16,190
21485,35,40
21486,28,123
21487,28,121
21488,28,157
21489,16,10
21490,7,8
21491,27,66
21492,8,64
21493,16,98
21494,10,119
21495,16,111
21496,16,169
21497,14,132
21498,984,40
21499,8,51
21500,7,115
21501,12,223
21502,12,117
21503,16,138
21504,12,5
21505,16,190
21506,12,37
21507,37,37
21508,16,33
21509,16,35
21510,16,134
21511,16,40
21512,28,86
21513,16,67
21514,12,94
21515,3,13
21516,28,18
21517,7,193
21518,16,110
21519,16,5
21520,9,217
21521,15,135
21522,16,173
21523,17,119
21524,16,160
21525,27,217
21526,12,37
21527,16,37
21528,16,57
21529,5,130
21530,16,9
21531,16,135
21532,9,9
21533,16,130
21534,16,172
21535,16,159
21536,14,10
21537,16,5
21538,16,141
21539,16,135
21540,16,17
21541,15,116
21542,16,10
21543,16,216
21544,16,113
21545,28,58
21546,16,170
21547,26,143
21548,8,141
21549,5,207
21550,15,18
21551,27,116
21552,16,11
21553,14,8
21554,15,116
21555,5,141
21556,16,183
21557,16,183
21558,28,183
21559,16,146
21560,16,211
21561,16,211
21562,16,207
21563,28,51
21564,5,156
21565,5,156
21566,2,106
21567,16,69
21568,16,183
21569,16,146
21570,16,207
21571,7,207
21572,16,140
21573,12,207
21574,16,50
21575,27,49
21576,12,112
21577,16,193
21578,16,176
21579,16,188
21580,7,157
21581,14,193
21582,14,16
21583,16,215
21584,16,224
21585,7,217
21586,16,15
21587,5,169
21588,12,110
21589,16,18
21590,14,11
21591,9,160
21592,16,224
21593,16,224
21594,17,3
21595,16,5
21596,16,10
21597,16,217
21598,28,40
21599,2,37
21600,16,110
21601,16,200
21602,16,217
21603,7,157
21604,16,135
21605,12,124
21606,26,15
21607,16,141
21608,12,137
21609,15,10
21610,16,110
21611,7,9
21612,12,110
21613,16,135
21614,16,16
21615,9,13
21616,7,169
21617,16,176
21618,26,157
21619,16,146
21620,12,146
21621,16,147
21622,16,140
21623,5,141
21624,12,117
21625,16,89
21626,28,65
21627,16,72
21628,16,20
21629,16,100
21630,27,171
21631,5,141
21632,26,155
21633,16,156
21634,16,106
21635,16,146
21636,16,219
21637,12,193
21638,16,15
21639,16,204
21640,26,9
21641,16,115
21642,16,5
21643,16,199
21644,28,77
21645,9,56
21646,5,118
21647,15,112
21648,5,135
21649,16,135
21650,12,18
21651,16,67
21652,16,55
21653,7,160
21654,15,116
21655,16,10
21656,16,217
21657,14,217
21658,12,217
21659,16,117
21660,6,16
21661,15,14
21662,16,173
21663,16,10
21664,14,8
21665,16,197
21666,5,224
21667,28,193
21668,7,5
21669,15,137
21670,16,173
21671,16,113
21672,16,217
21673,12,5
21674,27,5
21675,16,116
21676,16,135
21677,12,117
21678,5,135
21679,15,18
21680,12,117
21681,16,217
21682,16,217
21683,8,217
21684,16,11
21685,16,197
21686,28,14
21687,16,173
21688,16,176
21689,16,140
21690,12,193
21691,16,8
21692,2,116
21693,27,113
21694,15,111
21695,5,37
21696,16,51
21697,37,40
21698,15,54
21699,16,44
21700,12,70
21701,16,169
21702,16,176
21703,12,135
21704,16,217
21705,5,5
21706,16,221
21707,16,117
21708,16,49
21709,28,55
21727,7,217
21728,16,217
21729,16,217
21730,16,118
21731,8,142
21732,26,25
21733,16,96
21734,16,94
21735,16,26
21736,8,119
21737,5,0
21738,27,106
21739,16,54
21740,16,57
21741,16,224
21742,16,146
21743,9,14
21744,5,10
21745,16,61
21746,16,46
21747,16,40
21748,16,51
21749,16,78
21750,14,172
21751,12,131
21752,7,16
21753,16,16
21754,16,174
21755,16,17
21756,12,131
21757,28,110
21758,12,176
21759,16,135
21760,27,114
21761,16,217
21762,16,217
21763,5,217
21764,16,222
21765,16,27
21766,12,40
21767,30,37
21768,27,15
21769,16,140
21770,16,160
21771,16,147
21772,16,225
21773,16,203
21774,26,196
21775,12,213
21776,14,10
21777,16,220
21778,16,211
21779,28,175
21780,15,54
21781,16,75
21782,5,5
21783,16,217
21784,16,217
21785,12,223
21786,16,199
21787,16,216
21788,16,224
21789,16,174
21790,16,209
21791,16,146
21792,16,42
21793,15,14
21794,9,174
21795,16,135
21796,16,130
21797,16,140
21798,27,135
21799,15,116
21800,5,49
21801,16,67
21802,16,49
21803,16,51
21804,17,5
21805,16,197
21806,5,92
21807,5,53
21808,5,203
21809,16,197
21810,16,200
21811,15,99
21812,16,156
21813,7,141
21814,16,115
21815,5,220
21816,8,115
21817,8,18
21818,8,136
21819,8,0
21820,7,8
21821,15,138
21822,12,111
21823,12,134
21824,7,113
21825,12,135
21826,28,119
21827,5,134
21828,2,157
21829,12,193
21830,16,9
21831,16,223
21832,5,5
21833,15,116
21834,16,200
21835,5,110
21836,16,111
21837,15,117
21838,16,118
21839,16,217
21840,28,116
21841,16,217
21842,16,217
21843,12,223
21844,16,13
21845,16,5
21846,16,193
21847,27,140
21848,16,49
21849,16,217
21850,14,8
21851,16,197
21852,12,199
21853,16,8
21854,3,13
21855,15,117
21856,2,157
21857,26,169
21858,16,112
21859,14,17
21860,12,135
21861,7,18
21862,16,15
21863,16,138
21864,28,176
21865,27,131
21866,16,217
21867,16,217
21868,16,154
21869,16,154
21870,16,190
21871,28,93
21872,2,99
21873,28,107
21874,12,217
21875,27,217
21876,16,11
21877,16,224
21878,27,16
21879,16,217
21880,15,124
21881,15,124
21882,27,16
21883,28,140
21884,16,174
21885,12,138
21886,16,137
21887,16,186
21888,27,135
21889,16,18
21890,16,110
21891,16,169
21892,16,175
21893,15,117
21894,16,193
21895,16,217
21896,16,135
21897,16,41
21898,7,8
21899,28,56
21900,12,85
21901,16,60
21902,26,135
21903,16,16
21904,16,169
21905,5,135
21906,28,135
21907,5,173
21908,5,49
21909,16,58
21910,16,67
21911,12,49
21912,26,133
21913,28,130
21914,12,10
21915,27,16
21916,9,217
21917,16,217
21918,12,16
21919,16,224
21920,9,15
21921,5,110
21922,5,138
21923,9,14
21924,16,110
21925,16,136
21926,27,186
21927,12,135
21928,16,217
21929,16,197
21930,16,135
21931,12,225
21932,16,217
21933,16,8
21934,15,8
21935,16,224
21936,28,217
21937,16,217
21938,16,217
21939,12,8
21940,16,178
21941,16,224
21942,12,50
21943,5,187
21944,16,217
21945,15,135
21946,5,134
21947,16,138
21948,16,110
21949,12,193
21950,10,135
21951,16,217
21952,14,11
21953,16,193
21954,12,61
21955,15,116
21956,16,217
21957,14,217
21958,16,110
21959,16,9
21960,16,5
21961,5,115
21962,16,217
21963,16,197
21964,14,139
21965,16,207
21966,16,199
21967,7,199
21968,16,61
21969,16,37
21970,16,51
21971,16,117
21972,27,135
21973,12,10
21974,16,147
21975,16,72
21976,12,84
21977,16,121
21978,16,104
21979,12,101
21980,28,90
21981,26,21
21982,16,85
21983,16,79
21984,28,103
21985,16,74
21986,16,89
21987,16,96
21988,16,223
21989,28,217
21990,7,197
21991,16,5
21992,15,116
21993,16,8
21994,16,217
21995,12,8
21996,16,217
21997,28,216
21998,7,5
21999,27,135
22000,16,138
22001,16,175
22002,12,137
22003,16,175
22004,8,114
22005,16,217
22006,7,199
22007,28,211
22008,16,135
22009,16,147
22010,16,136
22011,5,112
22012,12,15
22013,16,138
22014,28,18
22015,28,18
22016,6,217
22017,7,217
22018,16,217
22019,16,223
22020,16,223
22021,16,198
22022,16,218
22023,16,90
22024,16,80
22025,12,92
22026,9,17
22027,16,193
22028,16,17
22029,5,172
22030,5,174
22031,16,200
22032,8,110
22033,16,117
22034,27,169
22035,16,135
22036,12,176
22037,16,217
22038,14,8
22039,8,18
22040,12,15
22041,28,18
22042,27,111
22043,27,14
22044,16,8
22045,15,116
22046,7,116
22047,16,217
22048,27,108
22049,5,190
22050,16,217
22051,27,193
22052,16,114
22053,16,217
22054,16,217
22055,8,217
22056,12,5
22057,16,5
22058,3,106
22059,14,223
22060,16,224
22061,16,224
22062,16,5
22063,28,222
22064,16,200
22065,16,138
22066,16,117
22067,16,134
22068,14,172
22069,5,18
22070,16,217
22071,16,217
22072,16,200
22073,12,224
22074,16,213
22075,7,174
22076,27,116
22077,16,223
22078,16,26
22079,9,5
22080,16,176
22081,14,13
22082,27,77
22083,12,96
22084,16,74
22085,5,92
22086,16,49
22087,16,87
22088,16,160
22089,5,159
22090,12,9
22091,16,217
22092,8,113
22093,26,216
22094,16,199
22095,26,216
22096,6,172
22097,16,217
22098,28,217
22099,16,217
22100,5,5
22101,5,135
22102,5,112
22103,16,16
22104,2,157
22105,27,133
22106,16,217
22107,9,10
22108,16,217
22109,16,135
22110,27,111
22111,26,8
22112,16,217
22113,7,10
22114,16,217
22115,16,135
22116,16,110
22117,12,6
22118,9,11
22119,17,4
22120,16,5
22121,12,124
22122,16,135
22123,5,17
22124,16,112
22125,16,135
22126,15,138
22127,10,113
22128,16,217
22129,12,217
22130,6,140
22131,16,121
22132,12,130
22133,16,171
22134,12,169
22135,12,111
22136,15,9
22137,5,117
22138,16,117
22139,16,134
22140,16,135
22141,16,160
22142,12,135
22143,16,137
22144,12,116
22145,16,223
22146,3,216
22147,15,169
22148,12,111
22149,14,18
22150,12,7
22151,16,223
22152,14,8
22153,9,5
22154,16,110
22155,12,117
22156,12,15
22157,16,14
22158,16,172
22159,16,142
22160,12,146
22161,16,187
22162,16,211
22163,5,207
22164,28,203
22165,16,207
22166,16,121
22167,5,49
22168,5,156
22169,16,147
22170,16,225
22171,27,5
22172,6,117
22173,15,176
22174,16,172
22175,12,169
22176,26,135
22177,16,224
22178,6,199
22179,26,110
22180,16,174
22181,16,110
22182,7,17
22183,16,173
22184,27,116
22185,16,217
22186,16,217
22187,16,114
22188,16,5
22189,16,51
22190,14,11
22191,16,181
22192,16,112
22193,16,143
22194,6,193
22195,16,211
22196,16,217
22197,16,30
22198,2,37
22199,5,146
22200,16,222
22201,16,220
22202,7,141
22203,16,183
22204,16,183
22205,16,147
22206,16,207
22207,26,178
22208,16,147
22209,16,211
22210,12,141
22211,12,141
22212,16,140
22213,16,183
22214,16,142
22215,16,146
22216,16,146
22217,16,147
22218,5,141
22219,16,203
22220,8,217
22221,16,224
22222,12,117
22223,12,117
22224,16,15
22225,27,193
22226,16,110
22227,7,193
22228,12,135
22229,16,217
22230,16,217
22231,14,217
22232,9,10
22233,16,224
22234,10,166
22235,2,99
22236,16,156
22237,16,50
22238,16,48
22239,8,68
22240,16,50
22241,2,37
22242,9,77
22243,16,5
22244,16,16
22245,16,16
22246,16,176
22247,16,20
22248,5,134
22249,16,15
22250,12,172
22251,28,159
22252,5,134
22253,12,5
22254,7,201
22255,16,224
22256,16,5
22257,16,224
22258,16,11
22259,16,4
22260,16,117
22261,15,112
22262,28,217
22263,16,217
22264,16,135
22265,8,134
22266,28,131
22267,5,110
22268,16,16
22269,27,186
22270,16,174
22271,12,110
22272,16,172
22273,7,15
22274,16,5
22275,12,186
22276,16,116
22277,16,16
22278,16,5
22279,16,111
22280,15,117
22281,16,16
22282,16,130
22283,16,110
22284,16,17
22285,16,169
22286,16,131
22287,16,15
22288,16,15
22289,7,172
22290,12,169
22291,5,134
22292,16,135
22293,16,135
22294,12,217
22295,16,217
22296,8,118
22297,15,8
22298,16,217
22299,27,5
22300,16,216
22301,16,110
22302,15,14
22303,7,199
22304,8,18
22305,7,116
22306,5,116
22307,12,175
22308,2,40
22309,16,8
22310,3,157
22311,5,157
22312,26,159
22313,28,217
22314,15,169
22315,14,193
22316,14,172
22317,7,114
22318,12,130
22319,16,40
22320,12,111
22321,15,117
22322,16,169
22323,16,197
22324,16,199
22325,26,172
22326,12,193
22327,27,45
22328,6,169
22329,26,98
22330,16,156
22331,3,156
22332,28,143
22333,16,170
22334,9,161
22335,26,156
22336,15,159
22337,16,99
22338,16,193
22339,5,159
22340,16,204
22341,16,183
22342,12,207
22343,27,15
22344,16,176
22345,16,211
22346,5,187
22347,5,174
22348,7,113
22349,16,19
22350,16,49
22351,84,55
22352,28,92
22353,16,44
22354,16,75
22355,16,84
22356,27,84
22357,2,107
22358,16,99
22359,16,159
22360,16,167
22361,15,166
22362,27,185
22363,26,15
22364,10,172
22365,16,173
22366,12,207
22367,12,21
22368,16,90
22369,2,40
22370,26,21
22371,15,21
22372,16,147
22373,16,147
22374,9,17
22375,16,204
22376,26,203
22377,16,207
22378,16,217
22379,16,183
22380,16,207
22381,16,60
22382,9,27
22383,16,37
22384,7,146
22385,16,40
22386,7,40
22387,16,170
22388,16,110
22389,26,21
22390,16,211
22391,7,139
22392,2,169
22393,16,169
22394,5,169
22395,27,67
22396,26,217
22397,16,207
22398,6,207
22399,28,207
22400,5,5
22401,16,223
22402,12,146
22403,16,146
22404,16,110
22405,14,223
22406,16,146
22407,16,139
22408,16,0
22409,28,183
22410,16,207
22411,16,183
22412,16,197
22413,16,180
22414,7,146
22415,16,220
22416,16,81
22417,16,51
22418,16,61
22419,12,25
22420,16,96
22421,15,104
22422,28,72
22423,16,94
22424,16,96
22425,7,207
22426,28,5
22427,16,215
22428,16,147
22429,16,103
22430,16,103
22431,16,102
22432,27,73
22433,16,90
22434,16,96
22435,16,80
22436,27,104
22437,8,102
22438,16,65
22439,16,63
22440,16,21
22441,27,25
22442,16,104
22443,16,5
22444,5,197
22445,16,216
22446,27,113
22447,14,117
22448,7,193
22449,16,35
22450,16,152
22451,12,89
22452,16,174
22453,6,157
22454,16,187
22455,12,146
22456,16,110
22457,28,135
22458,16,130
22459,16,173
22460,12,173
22461,10,135
22462,7,37
22463,16,50
22464,28,54
22465,16,77
22466,16,84
22467,16,106
22468,5,156
22469,12,11
22470,16,67
22471,12,106
22472,16,156
22473,5,216
22474,26,13
22475,16,16
22476,16,171
22477,16,173
22478,10,135
22479,16,217
22480,16,5
22481,16,139
22482,16,146
22483,28,98
22484,28,104
22485,27,25
22486,16,93
22487,16,25
22488,7,170
22489,28,10
22490,7,5
22491,16,8
22492,16,183
22493,16,8
22494,16,211
22495,16,146
22496,16,217
22497,16,221
22498,16,8
22499,16,182
22500,7,211
22501,5,146
22502,16,147
22503,5,207
22504,16,170
22505,15,211
22506,16,187
22507,27,63
22508,16,63
22509,16,25
22510,16,93
22511,16,63
22512,16,107
22513,27,21
22514,16,88
22515,12,104
22516,17,21
22517,16,22
22518,16,156
22519,16,19
22520,16,19
22521,16,156
22522,16,74
22523,27,21
22524,16,96
22525,26,103
22526,12,104
22527,27,101
22528,14,140
22529,12,18
22530,16,10
22531,16,183
22532,16,147
22533,16,224
22534,6,222
22535,16,99
22536,5,99
22537,28,22
22538,16,88
22539,16,92
22540,16,99
22541,16,217
22542,16,183
22543,16,207
22544,16,217
22545,12,5
22546,16,217
22547,16,214
22548,16,103
22549,28,23
22550,16,96
22551,12,204
22552,7,146
22553,16,53
22554,16,60
22555,12,36
22556,16,36
22557,16,57
22558,28,87
22559,16,99
22560,5,156
22561,16,147
22562,16,217
22563,16,217
22564,9,217
22565,12,146
22566,16,170
22567,16,183
22568,16,110
22569,12,174
22570,12,9
22571,15,172
22572,16,159
22573,16,144
22574,16,161
22575,12,106
22576,6,203
22577,16,115
22578,5,5
22579,16,5
22580,5,135
22581,28,18
22582,12,139
22583,12,153
22584,16,14
22585,27,13
22586,12,13
22587,7,13
22588,16,207
22589,16,207
22590,68,216
22591,9,0
22592,16,147
22593,12,146
22594,16,140
22595,7,141
22596,16,203
22597,16,147
22598,16,147
22599,16,146
22600,16,146
22601,5,220
22602,16,214
22603,16,207
22604,15,147
22605,27,123
22606,16,5
22607,16,146
22608,16,146
22609,16,146
22610,7,146
22611,7,110
22612,16,146
22613,16,8
22614,16,147
22615,16,146
22616,16,147
22617,12,147
22618,16,216
22619,16,114
22620,15,116
22621,16,10
22622,16,10
22623,16,217
22624,27,105
22625,12,135
22626,12,101
22627,12,101
22628,28,90
22629,16,21
22630,12,99
22631,2,21
22632,16,166
22633,12,21
22634,27,186
22635,16,99
22636,26,156
22637,16,99
22638,5,224
22639,7,207
22640,28,156
22641,16,220
22642,16,183
22643,16,135
22644,28,185
22645,5,156
22646,16,159
22647,28,106
22648,16,156
22649,15,156
22650,6,140
22651,16,113
22652,26,110
22653,16,217
22654,16,146
22655,28,178
22656,12,146
22657,16,138
22658,16,145
22659,7,11
22660,16,217
22661,16,217
22662,16,5
22663,28,156
22664,16,118
22665,9,16
22666,16,217
22667,2,108
22668,16,20
22669,16,107
22670,15,135
22671,16,106
22672,16,106
22673,12,120
22674,16,90
22675,826,21
22676,16,24
22677,28,72
22678,28,96
22679,16,103
22680,16,103
22681,16,25
22682,27,89
22683,27,156
22684,16,102
22685,16,96
22686,16,72
22687,16,23
22688,12,104
22689,27,102
22690,16,25
22691,16,138
22692,12,111
22693,16,187
22694,16,160
22695,16,113
22696,12,208
22697,12,107
22698,12,90
22699,28,98
22700,16,21
22701,2,128
22702,15,103
22703,16,25
22704,16,72
22705,12,25
22706,26,25
22707,14,101
22708,28,107
22726,16,25
22727,16,103
22728,5,20
22729,16,99
22730,16,107
22731,5,156
22732,5,99
22733,16,207
22734,16,146
22735,14,20
22736,16,88
22737,26,141
22738,28,135
22739,16,173
22740,16,217
22741,84,92
22742,27,156
22743,28,143
22744,16,197
22745,7,146
22746,27,207
22747,16,189
22748,5,140
22749,16,146
22750,16,142
22751,6,146
22752,12,207
22753,5,207
22754,12,4
22755,16,223
22756,16,213
22757,16,146
22758,12,211
22759,16,5
22760,16,211
22761,16,147
22762,16,197
22763,5,211
22764,16,141
22765,18,13
22766,16,205
22767,16,183
22768,16,147
22769,16,146
22770,16,139
22771,16,142
22772,16,140
22773,12,207
22774,28,212
22775,16,146
22776,16,140
22777,5,220
22778,9,178
22779,12,140
22780,12,153
22781,16,100
22782,28,217
22783,27,113
22784,6,11
22785,16,207
22786,14,8
22787,12,214
22788,16,146
22789,14,139
22790,16,147
22791,16,207
22792,16,183
22793,7,207
22794,28,41
22795,16,99
22796,16,217
22797,16,207
22798,5,141
22799,16,185
22800,5,156
22801,5,142
22802,16,186
22803,28,183
22804,16,180
22805,12,207
22806,16,183
22807,26,40
22808,26,145
22809,7,198
22810,5,216
22811,16,216
22812,7,146
22813,9,15
22814,5,140
22815,8,113
22816,16,204
22817,28,113
22818,16,207
22819,16,134
22820,16,211
22821,16,16
22822,7,141
22823,16,113
22824,16,154
22825,16,99
22826,16,147
22827,16,215
22828,16,184
22829,12,101
22830,12,104
22831,12,91
22832,16,170
22833,16,134
22834,16,135
22835,16,217
22836,16,207
22837,16,224
22838,12,211
22839,5,140
22840,16,121
22841,28,121
22842,16,156
22843,5,99
22844,16,121
22845,5,156
22846,16,107
22847,73,217
22848,15,183
22849,12,214
22850,16,211
22851,16,198
22852,12,137
22853,16,115
22854,16,50
22855,15,40
22856,12,135
22857,16,193
22858,16,183
22859,16,5
22860,16,222
22861,12,146
22862,16,92
22863,28,21
22864,7,217
22865,16,207
22866,16,183
22867,16,140
22868,12,213
22869,16,151
22870,16,156
22871,16,159
22872,16,211
22873,18,156
22874,16,110
22875,16,170
22876,15,135
22877,12,21
22878,5,99
22879,28,106
22880,3,106
22881,16,109
22899,16,25
22900,16,25
22901,16,66
22902,16,102
22903,16,96
22904,27,95
22905,28,66
22906,12,84
22907,16,104
22908,27,104
22909,27,98
22910,16,135
22911,9,92
22912,26,98
22913,16,102
22914,26,90
22915,26,24
22916,28,24
22917,27,96
22918,16,24
22919,27,109
22920,10,106
22921,16,93
22922,16,21
22923,16,80
22924,16,96
22925,16,101
22926,2,20
22927,16,96
22928,5,80
22929,16,104
22930,27,93
22931,12,24
22932,15,88
22933,5,99
22934,30,106
22935,5,211
22936,16,146
22937,16,146
22938,5,207
22939,16,220
22940,16,147
22941,16,188
22942,16,146
22943,9,18
22944,7,142
22945,7,220
22946,2,40
22947,16,99
22948,15,167
22949,5,99
22950,16,147
22951,16,207
22952,27,140
22953,16,141
22954,6,207
22955,16,141
22956,12,10
22957,28,211
22958,16,146
22959,5,220
22960,16,140
22961,27,140
22962,16,211
22963,5,187
22964,5,183
22965,16,183
22966,28,140
22967,27,19
22968,12,128
22969,12,50
22970,5,37
22971,28,40
22972,16,51
22973,15,155
22974,27,156
22975,16,156
22976,7,220
22977,12,34
22978,27,55
22979,10,166
22980,16,159
22981,19,156
22982,10,152
22983,16,160
22984,16,152
22985,8,117
22986,26,119
22987,8,118
22988,8,110
22989,5,14
22990,5,211
22991,16,134
22992,14,139
22993,16,211
22994,16,211
22995,5,4
22996,16,193
22997,27,141
22998,12,180
22999,16,224
23000,16,146
23001,16,207
23002,27,217
23003,16,60
23004,9,77
23005,16,70
23006,27,26
23007,16,67
23008,16,80
23009,70,11
23010,16,134
23011,5,172
23012,16,141
23013,12,204
23014,7,140
23015,12,140
23016,16,110
23017,16,112
23018,16,193
23019,9,156
23020,16,11
23021,16,211
23022,5,141
23023,16,183
23024,5,158
23025,16,207
23026,16,212
23027,16,146
23028,5,211
23029,5,141
23030,16,146
23031,16,147
23032,7,142
23033,9,3
23034,16,146
23035,5,99
23036,16,156
23037,12,99
23038,16,170
23039,5,166
23040,16,110
23041,15,18
23042,16,16
23043,5,115
23044,16,10
23045,12,10
23046,26,10
23047,16,217
23048,16,211
23049,7,15
23050,16,188
23051,12,211
23052,16,138
23053,16,138
23054,16,8
23055,15,185
23056,16,166
24247,16,11
24248,16,224
24534,16,99
24535,16,107
24536,16,189
24537,16,209
24538,16,35
24539,16,81
24540,12,40
24541,16,51
24542,15,48
24543,16,35
24544,15,159
24545,9,106
24546,16,99
25210,16,5
25211,16,197
25212,12,223
25213,16,11
25214,16,115
25215,16,169
25216,27,114
25217,6,9
25218,16,197
25219,26,10
25220,16,130
25221,15,119
25222,14,14
25223,16,131
25224,16,116
25225,27,217
25226,16,131
23057,16,5
23058,5,141
23059,16,153
23060,16,170
23061,16,201
23062,16,217
23063,16,9
23064,16,217
23065,16,146
23066,27,217
23067,16,147
23068,16,147
23069,16,94
23070,12,23
23071,27,63
23072,16,5
23073,16,212
23074,16,117
23075,16,176
23076,16,183
23077,16,223
23078,27,92
23079,28,40
23080,8,70
23081,16,30
23082,10,78
23083,16,81
23084,16,224
23085,16,211
23086,14,13
23087,12,176
23088,12,175
23089,27,104
23090,16,74
23091,12,105
23092,5,20
23093,26,98
23094,16,138
23095,16,193
23096,16,176
23097,16,175
23098,16,193
23099,16,0
23100,16,183
23101,16,183
23102,5,9
23103,16,147
23104,16,216
23105,16,5
23106,27,25
23107,16,84
23108,16,67
23109,16,92
23110,16,81
23111,26,156
23112,2,156
23113,16,153
23114,16,183
23115,12,183
23116,14,8
23117,5,8
23118,28,131
23119,12,16
23120,16,170
23121,14,193
23122,8,217
23123,16,223
23124,16,107
23125,28,98
23126,2,21
23127,9,88
23128,16,98
23129,28,92
23130,30,88
23131,27,105
23132,2,20
23133,984,108
23134,12,89
23135,12,100
23136,28,107
23137,16,92
23138,16,105
23139,16,63
23140,16,95
23141,7,158
23142,5,207
23143,16,135
23144,12,211
23145,16,188
23146,16,45
23147,16,54
23148,16,51
23149,16,35
23150,16,55
23151,28,54
23152,16,156
23153,16,156
23154,15,89
23155,5,21
23156,12,106
23157,16,66
23158,8,66
23159,16,96
23160,8,25
23161,16,102
23162,16,102
23163,16,93
23164,26,25
23165,27,106
23166,12,93
23167,28,109
23168,16,213
23169,16,147
23170,16,146
23171,16,139
23172,27,103
23173,28,25
23174,12,96
23175,28,104
23176,26,24
23177,16,21
23178,16,96
23179,28,24
23180,16,96
23181,16,23
23182,16,99
23183,26,105
23184,16,21
23185,5,128
23186,7,217
23187,16,72
23188,16,70
23189,28,89
23190,16,21
23191,12,96
23192,16,99
23193,2,109
23194,16,9
23195,8,159
23196,8,187
23197,8,187
23198,27,204
23199,9,16
23200,16,170
23201,14,141
23202,16,85
23203,28,193
23204,6,172
23205,16,78
23206,28,83
23207,16,76
23208,16,57
23209,16,57
23210,12,80
23211,16,69
23212,27,27
23213,16,187
23214,12,207
23215,26,96
23216,16,217
23217,8,116
23218,16,156
23219,16,156
23220,16,72
23221,28,100
23222,10,107
23223,15,21
23224,12,88
23225,26,21
23226,28,98
23227,16,23
23228,12,105
23229,12,98
23230,15,20
23231,16,20
23232,16,104
23233,12,124
23234,26,96
23235,16,96
23236,16,95
23237,12,21
23238,28,23
23239,16,74
23240,8,63
23241,28,41
23242,16,173
23243,16,116
23263,28,217
23264,16,217
23265,16,217
23266,16,8
23267,14,8
23268,16,224
23269,16,197
23270,15,135
23271,8,119
23272,7,17
23273,28,193
23274,7,135
23275,16,135
23276,16,136
23277,3,13
23278,18,13
23279,3,13
23280,15,13
23281,6,13
23282,16,13
23283,6,13
23284,5,157
23285,26,5
23286,16,137
23287,7,35
23288,16,200
23289,16,159
23290,26,165
23291,16,9
23292,16,217
23293,5,145
23294,28,106
23295,27,108
23296,16,106
23297,2,106
23298,16,24
23299,16,65
23300,16,63
23301,8,80
23302,16,96
23303,28,22
23304,12,100
23305,16,103
23306,7,104
23307,27,209
23308,26,209
23309,16,105
23310,16,216
23311,16,147
23312,16,118
23313,16,103
23314,27,24
23315,28,23
23316,16,109
23317,12,89
23318,16,90
23319,12,101
23320,27,21
23321,14,104
23322,3,108
23323,12,93
23324,12,88
23325,16,96
23326,16,96
23327,16,95
23328,16,108
23329,26,109
23330,16,109
23331,12,24
23332,12,93
23333,10,106
23334,12,98
23335,28,25
23336,15,100
23337,16,92
23338,27,96
23339,15,22
23340,16,99
23341,28,98
23342,12,96
23343,27,102
23344,16,20
23345,12,106
23346,16,104
23347,16,121
23348,16,21
23349,27,70
23350,5,92
23351,12,21
23352,9,156
23353,28,96
23354,16,21
23355,26,105
23356,27,106
23357,12,21
23358,27,23
23359,16,25
23360,16,94
23361,16,98
23362,5,159
23363,27,66
23364,27,89
23365,16,23
23387,12,106
23388,17,120
23389,16,72
23390,16,24
23391,16,96
23392,16,89
23393,26,90
23394,27,106
23395,26,105
23396,15,107
23397,16,108
23398,10,21
23399,12,98
23400,12,106
23401,28,106
23402,2,20
23403,5,20
23404,12,98
23405,28,98
23406,16,98
23407,10,101
23408,12,90
23409,12,106
23410,16,109
23411,2,21
23412,15,105
23413,16,109
23414,15,21
23415,25,108
23416,12,109
23417,28,104
23418,16,25
23419,16,63
23420,27,65
23421,16,25
23422,16,96
23423,16,103
23424,12,104
23425,28,96
23426,16,63
23427,28,21
23428,16,24
23429,16,24
23430,27,66
23431,16,25
23432,26,72
23433,16,21
23434,28,23
23435,16,100
23436,16,74
23437,27,21
23438,6,5
23439,2,156
23440,16,66
23441,27,74
23442,26,21
23443,28,94
23444,28,56
23445,16,209
23446,16,146
23447,27,146
23448,27,184
23449,26,181
23450,16,184
23451,16,72
23452,16,80
23453,16,26
23454,27,21
23455,16,63
23456,16,102
23457,16,24
23458,16,90
23459,15,90
23460,10,92
23461,15,92
23462,16,100
23463,2,128
23464,16,25
23465,28,93
23466,2,128
23467,12,70
23488,15,88
23489,12,109
23490,28,98
23491,28,22
23492,22,108
23493,16,96
23494,12,135
23495,26,25
23496,16,102
23497,16,74
23498,16,63
23499,12,80
23500,27,65
23501,15,107
23502,16,108
23503,26,40
23504,27,40
23505,2,37
23506,3,105
23507,37,21
23508,12,98
23509,16,85
23510,12,98
23511,12,104
23512,16,21
23513,16,98
23514,15,21
23515,27,72
23516,16,103
23517,16,93
23518,16,101
23519,28,94
23520,26,106
23521,12,98
23522,5,166
23523,5,48
23524,27,200
23525,26,156
23526,28,88
23527,16,21
23528,5,20
23529,84,19
23530,28,21
23531,27,20
23532,16,24
23533,16,66
23534,12,137
23535,7,15
23536,16,138
23537,16,18
23538,16,169
23539,16,131
23540,15,174
23541,2,40
23542,16,49
23543,9,81
23544,12,110
23545,12,16
23546,16,174
23547,16,9
23548,16,112
23549,12,169
23550,16,169
23551,15,135
23552,28,169
23553,12,116
23554,14,10
23555,16,217
23556,16,225
23557,16,46
23558,28,160
23559,12,15
23560,16,131
23561,16,138
23562,16,223
23563,16,199
23564,16,209
23565,12,146
23566,28,146
23567,16,146
23568,28,40
23569,16,190
23570,16,39
23571,26,47
23572,16,51
23573,16,49
23574,8,58
23575,15,104
23576,27,90
23577,5,159
23578,28,111
23579,5,174
23580,28,18
23581,16,216
23582,15,114
23583,16,10
23584,12,5
23585,26,176
23586,15,49
23587,16,111
23588,16,193
23589,16,146
23590,16,184
23591,16,190
23592,16,77
23593,16,56
23594,12,85
23595,16,68
23596,16,51
23597,16,46
23598,16,184
23599,7,146
23600,16,148
23601,28,184
23602,16,146
23603,16,163
23604,16,190
23605,12,84
23606,16,75
23607,16,156
23608,9,15
23609,7,17
23610,7,8
23611,28,34
23612,16,81
23613,16,74
23614,16,10
23615,16,123
23616,16,118
23617,8,176
23618,7,15
23619,14,172
23620,16,137
23621,10,160
23622,5,124
23623,9,121
23624,16,83
23625,16,59
23626,16,59
23627,12,49
23628,16,34
23629,16,135
23630,16,118
23631,14,18
23632,12,160
23633,6,217
23634,16,115
23635,16,5
23636,16,225
23637,12,113
23638,16,224
23639,28,216
23640,16,175
23641,16,133
23642,12,130
23643,5,176
23644,12,173
23645,27,217
23646,16,217
23647,28,217
23648,14,10
23649,5,156
23650,28,156
23651,16,77
23652,5,85
23653,16,81
23654,27,26
23655,16,146
23656,27,185
23657,84,60
23658,16,8
23659,27,188
23660,16,116
23661,12,117
23662,16,118
23663,5,172
23664,12,169
23665,16,134
23666,12,10
23667,12,135
23668,5,116
23669,9,160
23670,27,18
23671,16,217
23672,12,21
23673,16,103
23674,16,63
23675,16,149
23676,16,209
23677,28,23
23678,26,25
23679,28,101
23680,27,92
23681,16,105
23682,5,156
23683,28,154
23684,7,21
23685,12,101
23686,16,190
23687,5,128
23688,9,107
23689,12,190
23690,16,22
23691,28,21
23692,28,21
23693,28,150
23694,16,217
23695,16,199
23696,16,225
23697,16,222
23698,16,124
23699,16,176
23700,7,112
23701,5,160
23702,15,135
23703,16,7
23704,16,36
23705,16,77
23706,28,77
23707,27,77
23708,16,77
23709,27,66
23710,16,53
23711,16,25
23712,16,160
23713,12,173
23714,15,116
23715,15,124
23716,16,138
23717,16,176
23718,8,172
23719,12,118
23720,12,16
23721,16,135
23722,15,135
23723,8,124
23724,15,116
23725,16,217
23726,5,10
23727,16,10
23728,16,197
23729,16,5
23730,7,10
23731,16,217
23732,16,99
23733,16,77
23734,28,84
23735,16,15
23736,6,5
23737,5,8
23738,9,5
23739,12,117
23740,16,138
23741,16,17
23742,16,135
23743,16,135
23744,16,193
23745,8,141
23746,16,116
23747,26,217
23748,28,116
23749,16,169
23750,16,169
23751,7,19
23752,16,217
23753,16,223
23754,16,216
23755,16,224
23756,28,5
23757,12,116
23758,16,174
23759,28,216
23760,16,70
23761,12,77
23762,12,146
23763,16,210
23764,16,150
23765,12,149
23766,16,190
23767,16,190
23768,16,138
23769,16,111
23770,5,15
23771,5,138
23772,16,111
23773,27,174
23774,16,135
23775,16,135
23776,12,175
23777,16,135
23778,16,174
23779,26,130
23780,15,135
23781,16,114
23782,26,40
23783,16,111
23784,16,174
23785,16,15
23786,16,110
23787,16,8
23788,5,113
23789,9,13
23790,5,160
23791,16,8
23792,16,5
23793,9,11
23794,68,215
23795,16,124
23796,16,135
23797,5,135
23798,16,217
23799,14,223
23800,16,7
23801,16,117
23802,8,117
23822,7,8
23823,16,5
23824,9,5
23825,12,117
23826,16,49
23827,16,35
23828,16,177
23829,14,13
23830,15,124
23831,16,135
23832,12,193
23833,5,176
23834,16,176
23835,6,140
23836,16,217
23837,5,173
23838,6,10
23839,16,198
23840,16,211
23841,16,220
23842,16,146
23843,27,217
23844,16,217
23845,16,5
23846,16,119
23847,16,116
23848,16,200
23849,16,217
23850,27,217
23851,16,223
23852,14,11
23853,16,197
23854,5,138
23855,15,172
23856,16,175
23857,28,169
23858,16,130
23859,7,222
23860,16,169
23861,5,176
23862,16,113
23863,16,217
23864,28,116
23865,12,217
23866,14,12
23867,16,217
23868,16,223
23869,12,3
23870,16,222
23871,16,216
23872,16,110
23873,27,159
23874,16,217
23875,10,114
23876,5,113
23877,12,56
23878,16,70
23879,16,75
23880,16,174
23881,28,138
23882,12,113
23883,12,217
23884,16,10
23885,28,217
23886,16,60
23887,28,68
23888,12,217
23889,16,5
23890,16,200
23891,16,5
23892,16,27
23893,37,40
23894,26,20
23895,12,217
23896,16,217
23897,26,25
23898,16,222
23899,16,197
23900,16,169
23901,9,169
23902,16,138
23903,16,110
23904,16,159
23905,16,173
23906,16,113
23907,16,10
23908,16,118
23909,28,160
23910,12,187
23911,7,135
23912,16,116
23913,12,217
23914,15,113
23915,12,203
23916,16,147
23917,16,170
23918,16,217
23919,16,18
23920,9,14
23921,28,68
23922,16,58
23923,16,49
23924,16,44
23925,16,44
23926,16,49
23927,8,78
23928,70,77
23929,12,117
23930,27,111
23931,12,174
23932,16,140
23933,16,112
23934,5,225
23935,16,200
23936,16,197
23937,16,215
23938,16,5
23939,16,217
23940,16,5
23941,16,36
23942,16,110
23943,16,121
23944,16,51
23945,16,5
23946,5,5
23947,12,135
23948,16,3
23949,5,10
23950,16,130
23951,12,16
23952,8,114
23953,16,5
23954,16,8
23955,16,111
23956,9,17
23957,14,10
23958,7,115
23959,7,5
23960,5,13
23961,9,13
23962,27,18
23963,16,217
23964,12,118
23965,15,169
23966,26,116
23967,16,223
23968,16,197
23969,16,217
23970,8,217
23971,16,217
23972,9,217
23973,16,5
23974,9,5
23975,5,5
23976,5,5
23977,16,221
23978,12,8
25356,16,40
25357,16,41
25358,28,121
25359,8,172
25360,16,10
25361,16,217
25362,27,116
25363,27,113
25364,16,15
25365,12,5
25366,16,5
25367,16,4
25368,27,67
25369,16,77
25370,5,53
25371,16,51
25372,12,50
25373,16,84
25374,16,26
23979,26,113
23980,8,193
23981,28,217
23982,16,217
23983,16,217
23984,16,224
23985,16,224
23986,16,5
23987,26,216
23988,5,159
23989,16,30
23990,16,61
23991,16,77
23992,16,26
23993,16,66
23994,16,96
23995,8,136
23996,8,110
23997,8,110
23998,8,110
23999,16,110
24000,16,110
24001,16,110
24002,16,110
24003,16,110
24004,5,20
24005,5,13
24006,27,93
24007,16,51
24008,5,174
24009,12,116
24010,16,135
24011,27,113
24012,12,8
24013,16,5
24014,16,135
24015,7,17
24016,16,138
24017,16,156
24018,12,72
24019,16,72
24020,12,133
24021,12,118
24022,5,138
24023,28,217
24024,28,9
24025,27,111
24026,16,138
24027,15,116
24028,16,115
24029,16,217
24030,28,193
24031,7,221
24032,15,18
24033,26,13
24034,28,159
24035,27,217
24036,7,116
24037,16,223
24038,16,216
24039,7,224
24040,16,118
24041,14,19
24042,16,123
24043,16,13
24044,7,13
24045,7,13
24046,16,13
24047,16,13
24048,7,13
24049,14,13
24050,16,13
24051,7,169
24052,28,175
24053,16,135
24054,16,217
24055,16,217
24056,16,193
24057,39,169
24058,16,13
24059,12,118
24060,16,135
24061,12,157
24062,5,37
24063,9,40
24064,16,198
24065,16,110
24066,12,135
24067,16,117
24068,7,11
24069,16,118
24070,2,47
24071,5,217
24072,16,216
24073,16,116
24074,16,200
24075,16,217
24076,16,199
24077,28,8
24078,16,201
24079,12,216
24080,16,224
24081,16,222
24082,16,197
24083,16,135
24084,2,37
24085,16,199
24086,16,199
24087,12,169
24088,9,110
24089,16,216
24090,16,217
24091,16,218
24092,28,216
24093,7,216
24094,27,171
24095,15,175
24096,16,131
24097,16,173
24098,16,173
24099,16,193
24100,16,183
24101,16,221
24102,16,146
24103,7,193
24104,16,160
24105,16,221
24106,5,222
24107,9,0
24108,16,68
24109,16,66
24110,7,116
24111,16,216
24112,9,217
24113,5,8
24114,16,130
24115,16,18
24116,16,138
24117,28,169
24118,8,187
24119,16,176
24120,14,9
24121,16,136
24122,16,186
24123,27,8
24124,7,111
24125,6,19
24126,16,131
24127,16,159
24128,27,116
24129,5,37
24130,16,42
24131,16,59
24132,16,60
24133,16,37
24134,16,68
24135,16,50
24136,16,217
24137,16,11
24138,16,200
24139,16,217
24140,16,217
24141,16,135
24142,16,9
24143,16,111
24144,5,174
24145,73,10
24146,16,217
24147,16,217
24148,26,217
24149,9,218
24150,16,196
24151,7,218
24152,7,8
24153,7,8
24154,8,118
24155,16,10
24156,16,5
24157,16,51
24158,16,36
24159,35,37
24160,16,57
24161,16,46
24162,27,217
24163,14,217
24164,16,217
24165,16,10
24166,16,217
24167,16,157
24168,16,217
24169,16,67
24170,6,169
24171,16,13
24172,16,193
24173,16,223
24174,16,10
24175,9,9
24176,16,8
24177,3,13
24178,5,11
24179,16,60
24180,9,42
24181,16,50
24182,16,55
24183,2,37
24184,7,200
24185,3,5
24186,28,179
24187,8,141
24188,8,141
24189,8,141
24190,8,141
24191,16,172
24192,16,110
24193,16,142
24194,12,9
24195,16,217
24196,16,217
24197,16,8
24198,16,183
24199,16,217
24200,16,202
24201,16,174
24202,16,118
24203,16,130
24204,16,157
24205,18,10
24206,16,75
24207,7,223
24208,16,196
24209,16,169
24210,5,11
24211,12,135
24212,16,193
24213,12,15
24214,5,160
24215,16,217
24216,7,169
24217,16,117
24218,16,9
24219,16,176
24220,7,169
24221,16,118
24222,16,169
24223,12,16
24224,16,193
24225,16,217
24226,28,160
24227,16,11
24228,16,217
24229,16,5
24230,16,217
24231,15,117
24232,16,138
24233,16,193
24234,7,18
24235,28,172
24236,5,186
24237,28,116
24238,16,217
24239,27,217
24240,28,13
24241,5,135
24242,16,136
24243,5,186
24244,12,135
24245,16,217
24246,28,216
24264,16,217
24265,14,217
24266,16,224
24267,16,224
24268,5,224
24269,16,13
24270,16,113
24271,15,18
24272,16,16
24273,16,116
24274,26,110
24275,5,174
24276,16,138
24277,16,160
24278,15,119
24279,16,111
24280,27,137
24281,16,10
24282,16,217
24283,12,18
24284,16,8
24285,5,8
24286,16,13
24287,5,111
24288,16,176
24289,12,10
24290,16,217
24291,16,217
24292,16,223
24313,16,50
24314,16,217
24315,12,217
24316,16,209
24317,16,209
24318,27,25
24319,16,72
24320,16,72
24321,16,96
24322,17,96
24323,28,24
24324,27,72
24325,28,96
24326,28,63
24327,16,146
24328,16,184
24329,16,146
24330,16,146
24331,12,163
24332,16,148
24333,16,51
24334,16,51
24335,16,71
24336,16,26
24337,27,83
24338,16,98
24339,16,99
24340,16,107
24341,16,67
24342,2,156
24343,16,156
24344,5,99
24345,16,99
24346,28,21
24347,28,31
24348,2,40
24349,70,47
24350,26,156
24351,2,107
24352,12,51
24353,16,106
24354,16,41
24355,26,40
24356,9,40
24357,16,190
24358,16,150
24359,16,147
24360,16,147
24361,16,47
24362,16,55
24363,16,54
24364,16,51
24365,16,50
24366,16,49
24367,16,26
24368,16,77
24369,9,86
24370,14,161
24371,16,106
24372,10,105
24373,16,51
24374,5,48
24375,27,70
24376,16,184
24377,7,146
24378,16,209
24379,2,121
24380,2,122
24381,2,94
24382,16,197
24383,7,14
24384,12,146
24385,5,114
24386,27,116
24387,16,8
24388,16,200
24389,14,157
24390,5,111
24391,16,135
24392,16,17
24393,16,118
24394,27,110
24395,16,188
24396,27,159
24397,16,5
24398,16,111
24399,12,118
24400,16,134
24401,16,137
24402,5,116
24403,5,116
24404,16,217
24405,5,11
24406,5,138
24407,26,119
24408,7,146
24409,9,184
24410,16,190
24411,16,209
24412,16,184
24413,16,107
24414,16,107
24415,5,99
24416,9,156
24417,16,146
24418,16,149
24419,27,88
24420,16,88
24421,16,105
24422,16,98
24423,12,19
24424,16,190
24425,16,209
24426,16,190
24427,16,96
24428,84,85
24429,12,36
24430,16,77
24431,26,25
24432,12,66
24433,427,21
24434,12,106
24435,16,121
24436,16,166
24437,16,26
24438,16,96
24439,16,63
24440,12,96
24441,16,100
24442,16,63
24443,12,91
24444,16,55
24445,16,22
24446,16,21
24447,28,148
24448,7,147
24449,16,146
24450,16,148
24451,12,150
24452,28,54
24453,16,51
24454,16,209
24455,12,150
24456,15,40
24457,16,37
24458,16,209
24459,7,146
24460,16,184
24461,12,150
24462,5,143
24463,16,190
24464,16,58
24465,16,68
24466,16,46
24467,16,99
24468,16,147
24469,16,184
24470,16,190
24471,9,20
24472,9,123
24473,12,52
24474,16,59
24475,7,54
24476,16,67
24477,12,105
24478,26,19
24479,26,19
24480,8,10
24481,28,137
24482,16,193
24483,28,119
24484,16,16
24485,26,116
24486,16,217
24487,27,217
24488,16,224
24489,14,10
24490,7,110
24491,8,134
24492,16,57
24493,3,77
24494,16,37
24495,16,40
24496,16,55
24497,16,51
24498,27,217
24499,10,53
24500,16,173
24501,7,221
24502,16,188
24503,5,10
24504,5,221
24505,7,8
24506,16,217
24507,15,117
24508,12,217
24509,5,10
24510,16,92
24511,27,160
24512,15,156
24513,16,24
24514,12,100
24515,12,21
24516,17,20
24517,16,98
24518,12,21
24519,15,99
24520,16,166
24521,28,88
24522,26,63
24523,27,98
24524,16,25
24525,12,97
24526,16,103
24527,5,216
24528,12,124
24529,12,15
24547,5,166
24548,9,99
24549,16,102
24550,16,103
24551,12,106
24552,16,144
24553,10,185
24554,28,166
24555,2,156
24556,16,190
24557,16,190
24558,16,149
24559,7,190
24560,16,150
24561,28,190
24562,12,103
24563,16,96
24564,27,97
24565,27,107
24566,14,20
24567,12,104
24568,28,77
24569,7,119
24570,28,90
24571,8,70
24572,16,25
24573,16,24
24574,16,63
24575,16,156
24576,2,36
24577,16,39
24578,16,61
24579,28,54
24580,15,40
24581,10,37
24582,5,156
24583,16,184
24584,7,146
24585,16,152
24586,16,146
24587,12,146
24588,5,156
24589,16,184
24590,16,146
24591,16,190
24592,16,190
24593,12,190
24594,27,37
24595,26,53
24596,27,54
24597,16,118
24598,16,217
24599,16,217
24600,16,217
24601,16,225
24602,16,5
24603,5,224
24604,16,217
24605,2,174
24606,16,118
24607,16,135
24608,12,5
24609,16,5
24610,16,5
24611,73,217
24612,12,110
24613,27,15
24614,5,17
24615,16,135
24616,7,10
24617,16,116
24618,16,26
24619,28,77
24620,27,77
24621,16,121
24622,12,50
24623,16,70
24624,16,133
24625,16,135
24626,16,136
24627,7,193
24628,12,193
24629,28,135
24630,7,216
24631,16,106
24632,12,21
24633,16,21
24634,28,81
24635,16,159
24636,16,106
24637,9,166
24638,26,106
24639,7,173
24640,16,217
24641,7,224
24642,28,202
24643,12,177
24644,28,216
24645,5,134
24646,16,26
24647,12,156
24648,9,160
24649,16,99
24650,8,50
24651,16,92
24652,16,103
24653,16,88
24654,16,123
24655,7,146
24656,16,184
24657,27,184
24658,27,146
24659,16,146
24660,16,103
24661,10,104
24662,826,21
24663,16,146
24664,27,50
24665,16,147
24666,16,147
24667,16,148
24668,16,184
24669,7,146
24670,16,90
24671,16,164
24672,16,184
24673,28,190
24674,16,190
24675,16,190
24676,27,150
24677,16,209
24678,16,209
24679,28,51
24680,16,60
24681,16,40
24682,28,37
24683,16,54
24684,16,68
24685,28,49
24686,16,99
24687,70,99
24688,16,167
24689,16,156
24690,16,160
24691,28,156
24692,27,156
24693,28,106
24694,28,185
24695,16,99
24696,28,159
24697,16,156
24698,12,166
24699,27,159
24700,5,153
24701,16,49
24702,27,20
24703,16,55
24704,16,190
24705,26,37
24706,16,68
24707,9,43
24708,16,190
24709,16,190
24710,16,95
24711,16,81
24712,16,77
24713,16,29
24714,15,37
24715,16,37
24716,16,45
24717,62,40
24718,16,37
24719,16,35
24720,16,51
24721,16,51
24722,16,56
24723,28,107
24724,16,38
24725,28,77
24726,16,87
24727,12,218
24728,2,18
24729,16,193
24730,16,137
24731,5,135
24732,12,135
24733,16,217
24734,14,8
24735,16,216
24736,16,222
24737,12,68
24792,15,156
24793,16,109
24794,16,99
24795,5,156
24796,16,167
24797,16,75
24798,16,44
24799,15,54
24800,16,56
24801,28,35
24802,16,49
24803,16,121
24804,28,50
24805,12,66
24806,16,26
24807,27,55
24808,16,80
24738,5,48
24739,16,43
24740,27,77
24741,16,190
24742,27,92
24743,16,25
24744,27,156
24745,12,156
24746,15,146
24747,26,50
24748,12,85
24749,5,99
24750,2,156
24751,15,156
24752,27,107
24753,16,161
24754,2,121
24755,28,86
24756,16,36
24757,12,55
24758,9,35
24759,28,26
24760,16,81
24761,41,93
24762,12,105
24763,16,156
24764,16,92
24765,16,156
24766,10,40
24767,27,59
24768,16,56
24769,30,96
24770,16,53
24771,16,96
24772,16,37
24773,16,59
24774,16,59
24775,28,19
24776,16,53
24777,16,45
24778,28,37
24779,12,60
24780,30,124
24781,15,152
24782,27,156
24783,16,156
24784,16,209
24785,37,37
24786,16,49
24787,16,61
24788,5,153
24789,26,92
24790,16,159
24791,28,60
24809,7,52
24810,16,74
24811,12,52
24812,27,77
24813,16,34
24814,16,156
24815,16,92
24816,15,40
24817,26,37
24818,5,37
24819,12,35
24820,28,68
24821,16,49
24822,16,51
24823,16,67
24824,28,41
24825,16,77
24826,16,26
24827,16,81
24828,16,52
24829,15,37
24830,5,86
24831,16,81
24832,16,83
24833,16,26
24834,16,55
24835,28,46
24836,16,99
24837,16,143
24838,12,85
24839,16,146
24840,9,166
24841,16,209
24842,15,146
24843,16,189
24844,16,164
24845,16,149
24846,16,190
24847,28,190
24848,27,106
24849,16,156
24850,27,49
24851,12,19
24852,28,19
24853,28,35
24854,28,37
24855,16,35
24856,16,121
24857,12,106
24858,16,156
24859,12,98
24860,16,106
24861,26,50
24862,12,156
24863,16,107
24864,16,159
24865,10,156
24866,16,107
24867,5,156
24868,27,155
24869,28,156
24870,18,99
24871,16,99
24872,33,37
24873,16,51
24874,16,41
24875,16,50
24876,16,156
24877,5,156
24878,32,107
24879,16,167
24880,5,185
24881,16,77
24882,28,23
24883,2,37
24884,5,65
24885,7,37
24886,16,209
24887,16,184
24888,16,68
24889,16,209
24890,16,209
24891,16,209
24892,16,99
24893,16,156
24894,16,159
24895,2,40
24896,28,160
24897,28,99
24898,30,106
24899,28,87
24900,27,81
24901,16,78
24902,16,106
24903,7,47
24904,16,26
24905,16,70
24906,16,78
24907,12,153
24908,12,55
24909,16,78
24910,12,25
24911,36,59
24912,16,26
24913,16,49
24914,28,66
24915,16,77
24916,12,84
24917,12,80
24918,16,67
24919,16,86
24920,2,85
24921,16,77
24922,8,66
24923,12,19
24924,16,167
24925,9,166
24926,16,99
24927,14,140
24928,16,146
24929,5,142
24930,16,117
24931,15,113
24932,16,111
24933,16,111
24934,7,172
24935,28,156
24936,5,135
24937,5,115
24938,16,212
24939,12,140
24940,12,212
24941,16,222
24942,9,169
24943,16,140
24944,16,170
24945,16,187
24946,16,183
24947,16,183
24948,16,217
24949,16,149
24950,16,190
24951,16,51
24952,16,77
24953,28,84
24954,16,49
24955,16,84
24956,16,57
24957,16,47
24958,16,69
24959,28,106
24960,7,92
24961,16,99
24962,15,167
24963,37,106
24964,16,81
24965,16,81
24966,26,120
24967,5,99
24968,15,152
24969,37,106
24970,9,107
24971,28,106
24972,28,106
24973,9,99
24974,16,99
24975,16,99
24976,27,165
24977,16,23
24978,16,99
24979,16,156
24980,12,161
24981,27,99
24982,16,152
24983,16,107
24984,16,94
24985,16,67
24986,16,51
24987,16,35
24988,5,53
24989,16,99
24990,12,106
24991,12,99
24992,12,153
24993,26,109
24994,16,156
24995,9,99
24996,9,107
24997,12,107
24998,9,107
24999,9,107
25000,17,107
25001,5,156
25002,5,99
25003,16,47
25004,16,36
25005,16,51
25006,15,81
25007,12,159
25008,5,165
25009,16,155
25010,27,107
25011,5,99
25012,28,51
25013,16,32
25014,16,51
25015,16,60
25016,84,37
25017,27,37
25018,27,78
25019,16,54
25020,12,51
25021,28,49
25022,16,75
25023,16,77
25024,16,19
25025,8,68
25026,9,156
25027,16,156
25028,15,153
25029,26,92
25030,15,92
25031,16,167
25032,12,156
25033,15,106
25034,28,106
25035,16,83
25036,17,39
25037,5,37
25038,16,67
25039,12,5
25040,16,201
25041,16,217
25042,15,37
25043,26,40
25044,26,51
25045,5,140
25046,16,169
25047,5,17
25048,16,18
25049,16,174
25050,16,54
25051,16,71
25052,7,8
25053,7,197
25054,16,216
25055,16,224
25056,8,135
25057,28,59
25058,27,111
25059,5,85
25060,16,87
25061,16,26
25062,16,36
25063,16,141
25064,9,196
25065,16,216
25066,12,117
25067,5,10
25068,16,219
25069,16,118
25070,16,106
25071,16,193
25072,16,217
25073,16,212
25074,12,216
25075,26,199
25076,16,147
25077,7,187
25078,16,111
25079,16,175
25080,16,146
25081,7,5
25082,16,183
25083,12,211
25084,16,172
25085,16,9
25086,16,113
25087,16,217
25088,12,217
25089,16,35
25090,16,71
25091,16,35
25092,84,54
25093,27,68
25094,26,37
25095,16,68
25096,16,49
25097,12,38
25098,26,37
25099,12,57
25100,26,50
25101,27,60
25102,16,51
25103,16,35
25104,5,216
25105,9,160
25106,16,106
25107,28,40
25108,16,70
25109,16,217
25110,28,216
25111,28,222
25112,16,224
25113,12,16
25114,16,25
25115,27,84
25116,16,121
25117,16,223
25118,27,36
25119,16,8
25120,16,169
25121,27,135
25122,16,141
25123,16,134
25124,16,131
25125,27,9
25126,16,203
25127,16,215
25128,16,110
25129,16,135
25130,16,113
25131,16,193
25132,26,18
25133,16,135
25134,16,138
25135,16,18
25136,16,216
25137,27,113
25138,16,110
25139,7,115
25140,16,49
25141,26,36
25142,26,68
25143,16,35
25144,16,80
25145,16,83
25146,16,87
25147,12,83
25148,16,87
25149,16,93
25150,16,5
25151,16,5
25152,16,111
25153,16,217
25154,12,118
25155,7,173
25156,16,113
25157,27,47
25158,9,81
25159,16,85
25160,16,57
25161,16,66
25162,27,26
25163,12,85
25164,16,91
25165,28,37
25166,9,37
25167,16,50
25168,16,15
25169,16,216
25170,16,217
25171,7,114
25172,16,178
25173,16,67
25174,28,81
25175,16,94
25176,16,66
25177,16,45
25178,16,37
25179,3,54
25180,28,29
25181,16,80
25182,16,77
25183,27,66
25184,16,49
25185,28,40
25186,9,123
25187,16,118
25188,5,118
25189,27,138
25190,16,11
25191,16,217
25192,5,223
25193,70,37
25194,16,26
25195,2,121
25196,12,77
25197,5,49
25198,27,84
25199,28,27
25200,27,121
25201,16,19
25202,16,193
25203,26,172
25204,7,17
25205,16,186
25206,16,118
25207,28,10
25208,20,169
25209,16,217
25227,16,217
25228,16,19
25229,16,61
25230,16,44
25231,7,48
25232,16,77
25233,16,78
25234,16,32
25235,16,39
25236,16,84
25237,16,26
25238,8,67
25239,16,78
25240,16,84
25241,27,84
25242,16,77
25243,12,84
25244,16,85
25245,16,80
25246,14,18
25247,26,116
25248,16,223
25249,16,113
25250,28,22
25251,16,84
25252,28,25
25253,16,35
25254,16,77
25255,28,25
25256,16,121
25257,7,119
25258,12,120
25259,27,121
25260,70,37
25261,28,49
25262,16,54
25263,16,51
25264,16,34
25265,27,216
25266,16,117
25267,16,15
25268,5,135
25269,28,56
25270,28,45
25271,16,26
25272,16,135
25273,26,169
25274,16,121
25275,5,83
25276,16,49
25277,5,174
25278,16,84
25279,5,215
25280,12,135
25281,16,193
25282,16,110
25283,9,87
25284,16,95
25285,2,85
25286,16,81
25287,16,81
25288,16,77
25289,16,70
25290,16,121
25291,16,83
25292,12,26
25293,16,71
25294,16,55
25295,16,83
25296,16,37
25297,16,123
25298,16,84
25299,16,49
25300,16,19
25301,5,135
25302,27,169
25303,16,169
25304,28,216
25305,16,222
25306,16,5
25307,16,37
25308,16,224
25309,5,216
25310,16,110
25311,12,9
25312,16,134
25313,16,137
25314,35,36
25315,7,35
25316,16,37
25317,16,40
25318,16,76
25319,12,77
25320,16,26
25321,9,85
25322,16,77
25323,16,49
25324,16,54
25325,12,20
25326,15,37
25327,16,37
25328,12,50
25329,16,57
25330,28,26
25331,7,8
25332,16,221
25333,12,216
25334,16,217
25335,16,54
25336,5,37
25337,10,48
25338,16,44
25339,16,49
25340,16,49
25341,28,34
25342,16,50
25343,16,67
25344,16,26
25345,27,26
25346,28,51
25347,16,51
25348,12,37
25349,16,37
25350,16,58
25351,15,52
25352,8,50
25353,16,51
25354,2,37
25355,7,37
25375,16,35
25376,16,96
25377,16,68
25378,12,49
25379,28,36
25380,15,51
25381,12,87
25382,16,123
25383,27,67
25384,9,37
25385,16,67
25386,10,85
25387,16,81
25388,5,128
25389,26,37
25390,16,50
25391,16,50
25392,37,37
25393,70,54
25394,16,173
25395,12,135
25396,2,40
25397,12,40
25398,5,135
25399,15,116
25400,7,116
25401,16,217
25402,16,110
25403,16,216
25404,5,116
25405,16,112
25406,16,49
25407,16,68
25408,5,48
25409,12,49
25410,16,77
25411,28,84
25412,16,51
25413,12,51
25414,16,183
25415,16,146
25416,15,11
25417,5,211
25418,16,46
25419,16,54
25420,16,57
25421,16,66
25422,16,35
25423,70,54
25424,926,93
25425,1026,90
25426,1026,90
25427,1026,106
25428,1026,37
25429,826,44
25430,1026,144
25431,2,0
25432,2,0
25433,2,0
25434,2,47
25435,2,85
25436,70,37
25437,70,0
25438,26,217
25439,26,44
25440,26,0
25441,26,48
25442,26,53
25443,26,67
25444,26,81
25445,26,0
25446,26,74
25447,26,102
25448,26,96
25449,26,96
25450,26,0
25451,26,124
25452,26,14
25453,26,13
25454,26,14
25455,27,0
25456,27,86
25457,27,67
25458,27,92
25459,27,74
25460,27,0
25461,27,72
25462,27,0
25463,27,102
25464,27,96
25465,27,209
25466,27,209
25467,27,115
25468,27,15
25469,27,15
25470,27,14
25471,27,14
25472,28,77
25473,28,96
25474,28,146
25475,28,0
25476,28,0
25477,28,110
25478,28,15
25479,62,124
25480,62,0
25481,68,0
25482,84,0
25483,84,49
25484,84,49
25485,84,0
25486,84,0
25487,84,55
25488,84,99
25489,84,99
25490,84,0
25491,84,156
25492,84,156
25493,84,96
25494,36,60
25495,37,0
25496,5,124
25497,5,115
25498,5,0
25499,5,0
25500,5,209
25501,5,115
25502,5,0
25503,5,156
25504,5,0
25505,5,0
25506,5,49
25507,5,0
25508,5,0
25509,5,115
25510,5,0
25511,5,53
25512,7,48
25513,5,0
25514,8,118
25515,8,0
25516,8,0
25517,8,115
25518,8,110
25519,8,0
25520,8,0
25521,8,0
25522,9,4
25523,9,3
25524,9,124
25525,12,110
25526,12,0
25527,12,3
25528,12,5
25529,12,0
25530,12,0
25531,12,15
25532,12,124
25533,16,217
25534,16,49
25535,16,0
25536,16,67
25537,16,74
25538,16,0
25539,16,72
25540,16,209
25541,16,209
25542,16,209
25543,16,0
25544,16,209
25545,16,0
25546,16,124
25547,16,124
25548,16,115
25549,16,115
25550,16,4
